개방자치단체코드,관리번호,인허가일자,인허가취소일자,영업상태명,폐업일자,휴업시작일자,휴업종료일자,재개업일자,소재지면적,소재지우편번호,도로명우편번호,사업장명,데이터갱신구분,권리주체일련번호,데이터갱신시점,도로명주소,상세업무구분명,상세영업상태명,상세영업상태코드,영업상태코드,전화번호,좌표정보(X),좌표정보(Y),지번주소,최종수정시점
3010000,301000004620180003,2018-05-02,,폐업,,,,,0,,04598,(주)코리아팩토리,I,L00,2026-05-10 22:33:11,"서울특별시 중구 동호로**길 **, 전진빌딩 *층 (신당동)",,폐업,0002,03,0222567112,200743.604803356    ,450138.549769796    ,서울특별시 중구 신당동 ***-* 전진빌딩 ,2022-04-28 18:11:02
3010000,301000004620160001,2018-05-31,,취소/말소/만료/정지/중지,,,,,0,,04575,이그조틱코리아,I,000,2026-05-10 22:33:10,"서울특별시 중구 퇴계로 ***, *층 ***호 (황학동, 황학 아크로타워)",,말소,0004,04,,201866.039519433    ,451543.337800303    ,서울특별시 중구 황학동 ,2022-04-28 18:11:02
3020000,302000004620130001,2013-01-18,,폐업,2016-05-31,,,,0,,04348,한남동강아지,I,L00,2026-05-09 22:33:18,서울특별시 용산구 이태원로**길 ** (한남동),,폐업,0002,03,,199780.996106991    ,448255.65839672     ,서울특별시 용산구 한남동 ***-* ,2022-04-28 18:10:59
3020000,302000004620140001,2014-02-14,,폐업,2018-06-01,,,,0,,04391,우쭈쭈,I,000,2026-05-09 22:33:18,"서울특별시 용산구 이태원로**길 **-*, *층 (이태원동)",,폐업,0002,03,62127411,199396.732140732    ,447874.334199952    ,서울특별시 용산구 이태원동 ***-** *층 ,2022-04-28 18:10:59
3020000,302000004620250001,2025-02-03,,영업/정상,,,,,0,,04359,프리제(frise),I,000,2026-05-09 22:33:19,"서울특별시 용산구 원효로 **, 상훈빌딩 (청암동)",,정상,0000,01,,195385.366085745    ,448052.919062111    ,서울특별시 용산구 청암동 **-* 상훈빌딩 ,2025-02-03 10:56:59
3050000,305000004620170002,2017-04-04,,폐업,2019-02-02,,,,0,,02625,나도그냥(ts),I,000,2026-05-09 22:03:17,서울특별시 동대문구 한천로**길 **-* (장안동),,폐업,0002,03,0233948283,205952.506670626    ,451814.915620366    ,서울특별시 동대문구 장안동 ***-* ,2022-04-28 18:10:49
3050000,305000004620200007,2020-04-27,,폐업,2024-06-30,,,,0,,02607,굿피트,I,000,2026-05-09 22:03:17,서울특별시 동대문구 답십리로 *** (답십리동),,폐업,0002,03,,205258.911999431    ,452267.221277907    ,서울특별시 동대문구 답십리동 **-** ,2026-01-07 14:39:52
3050000,305000004620150003,2015-08-19,,폐업,2020-05-15,,,,0,,02607,포캣츄,I,000,2026-05-09 22:03:17,서울특별시 동대문구 답십리로 *** (답십리동),,폐업,0002,03,,205258.911999431    ,452267.221277907    ,,2022-04-28 18:10:49
3060000,306000004620190002,2019-01-22,,폐업,2020-01-23,,,,0,,02161,굿피트,I,000,2026-05-09 22:33:27,서울특별시 중랑구 면목로**길 * (면목동),,폐업,0002,03,,207715.42283321     ,454168.625065279    ,서울특별시 중랑구 면목동 **-** ,2022-04-28 18:11:07
3060000,306000004620220001,2022-01-04,,폐업,2025-04-02,,,,0,,02137,드림독,I,000,2026-05-09 22:33:27,서울특별시 중랑구 면목로**길 **(상봉동),,폐업,0002,03,024350279,207297.39805298     ,454648.366596516    ,서울특별시 중랑구 상봉동 ***-** ,2025-04-02 17:21:39
3060000,306000004620220005,2022-02-28,,폐업,2022-12-28,,,,0,,02177,해피 캣,I,F00,2026-05-09 22:33:27,"서울특별시 중랑구 망우로**길 *, *층 (망우동)",,폐업,0002,03,,208990.13084991     ,455274.127131124    ,서울특별시 중랑구 망우동 ***-** ,2023-01-05 16:43:06
3060000,306000004620220006,2022-08-05,,폐업,2023-03-29,,,,0,,02047,눈이부시개,I,000,2026-05-09 22:33:27,"서울특별시 중랑구 동일로***길 **, *층 (중화동)",,폐업,0002,03,024957942,206993.031979321    ,455790.278886248    ,서울특별시 중랑구 중화동 ***-** ,2023-03-29 15:54:09
3060000,306000004620200004,2020-07-20,,폐업,2025-01-17,,,,0,,02050,펫스토어1004,I,000,2026-05-09 22:33:27,"서울특별시 중랑구 동일로***길 **, *층 (중화동)",,폐업,0002,03,,206977.524227156    ,455758.37954118     ,서울특별시 중랑구 중화동 ***-** ,2025-01-17 14:48:46
3070000,307000004620210001,2021-01-08,,취소/말소/만료/정지/중지,,,,,0,,02845,굿피트,I,000,2026-05-09 22:03:19,"서울특별시 성북구 동소문로 ***, 플라망스타워 (동선동*가)",,행정처분,0003,04,,201536.883548815    ,454556.210968626    ,서울특별시 성북구 동선동*가 ***-* 플라망스타워 ,2022-04-28 18:10:56
3070000,307000004620190010,2019-04-15,,폐업,2024-07-16,,,,0,,02845,호펫 강아지 고양이 성신여대본점,I,000,2026-05-09 22:03:19,"서울특별시 성북구 동소문로**다길 **, 동선*동새마을금고 *층 (동선동*가)",,폐업,0002,03,,201709.057292455    ,454693.554397704    ,서울특별시 성북구 동선동*가 *** 동선*동새마을금고 ,2024-07-16 16:59:55
3110000,311000004620240001,2024-03-07,,영업/정상,,,,,0,,03370,Marilovelle,I,000,2026-04-30 22:33:11,서울특별시 은평구 통일로**길 **-* (녹번동),,정상,0000,01,,194109.446430035    ,456064.931550049    ,서울특별시 은평구 녹번동 *-* ,2024-03-07 17:38:41
3110000,311000004620140008,2014-11-27,,영업/정상,,,,,0,,03505,디지탈디자인(INTERZOO),I,000,2026-04-30 22:33:11,"서울특별시 은평구 수색로 ***-*, ***호 (수색동)",,정상,0000,01,023088494,191040.327177392    ,452926.321686795    ,서울특별시 은평구 수색동 **-** ***호,2022-04-28 18:11:02
3110000,311000004620180073,2018-11-14,,취소/말소/만료/정지/중지,2025-03-07,,,,0,,03382,도무스 펫샵,I,000,2026-04-30 22:33:11,"서울특별시 은평구 통일로 ***, *층 (녹번동)",,말소,0004,04,,194021.217110427    ,456037.784727081    ,서울특별시 은평구 녹번동 **-* *층 ,2025-03-07 16:54:47
3120000,312000004620260001,2026-06-09,,영업/정상,,,,,0,,03765,비쇼네 이대점,I,000,2026-06-10 22:02:55,"서울특별시 서대문구 이화여대길 **, *층 (대현동)",,정상,0000,01,023631781,194965.529440166    ,450777.281177124    ,서울특별시 서대문구 대현동 ***-** ,2026-06-09 16:52:50
3120000,312000004620240001,2024-03-21,,폐업,2025-09-01,,,,0,,03693,파충류샵 렙타일스테이션,I,000,2026-05-09 22:03:20,"서울특별시 서대문구 가재울로*길 **, ***호 (남가좌동, 주원베르빌)",,폐업,0002,03,07086913408,193207.356189171    ,452572.304022955    ,서울특별시 서대문구 남가좌동 ***-** 주원베르빌 ***호,2025-09-02 17:49:14
3120000,312000004620200004,2020-03-10,,영업/정상,,,,,0,,03646,주식회사 코리아팩토리,I,L00,2026-05-09 22:03:20,"서울특별시 서대문구 모래내로 ***, *층 (홍제동)",,정상,0000,01,0222567112,195137.943672529    ,453720.74748154     ,서울특별시 서대문구 홍제동 ***-** ,2022-04-28 18:10:56
3130000,313000004620260001,2026-04-30,,영업/정상,,,,,0,,04047,서울먼치킨분양프리미엄먼치킨본점,I,000,2026-05-11 22:05:20,"서울특별시 마포구 양화로*길 **, *층 (합정동)",,정상,0000,01,,192577.729040588    ,449606.34663693     ,서울특별시 마포구 합정동 ***-** ,2026-04-30 14:19:23
3140000,314000004620250001,2025-02-18,,영업/정상,,,,,0,,08091,캣에어,I,000,2026-04-29 22:03:03,"서울특별시 양천구 중앙로 ***, *층 (신정동)",,정상,0000,01,,187097.046111227    ,446034.000210091    ,서울특별시 양천구 신정동 ****-** ,2025-02-18 07:27:31
3140000,314000004620240001,2024-03-15,,영업/정상,,,,,0,,08082,(주)요미스토리(요미독 강아지분양 요미캣 고양이분양 목동점),I,L00,2026-04-29 22:03:03,"서울특별시 양천구 신월로 ***, *층 (신정동)",,정상,0000,01,0263971566,187241.641102914    ,446575.501620137    ,서울특별시 양천구 신정동 ****-* ,2024-03-15 10:51:36
3140000,314000004620260001,2026-04-01,,영업/정상,,,,,0,,08091,캣츠살롱,I,000,2026-04-29 22:03:03,"서울특별시 양천구 중앙로 ***, *층 (신정동)",,정상,0000,01,,187097.046111227    ,446034.000210091    ,서울특별시 양천구 신정동 ****-** ,2026-04-01 13:47:23
3150000,315000004620210007,2021-03-29,,폐업,2023-05-25,,,,0,,07786,카카오독,I,000,2026-04-29 22:42:03,"서울특별시 강서구 곰달래로**길 **, 지층 (화곡동)",,폐업,0002,03,,187849.043238683    ,447626.063824791    ,서울특별시 강서구 화곡동 ***-** ,2023-12-30 15:55:57
3170000,317000004620190007,2019-09-19,,폐업,2022-06-13,,,,0,,08529,수아쿠아,I,000,2026-05-09 22:03:12,"서울특별시 금천구 남부순환로***길 **, 지하층 (가산동)",,폐업,0002,03,,190513.762655341    ,441684.566288728    ,서울특별시 금천구 가산동 ***-** 지하층 ,2022-06-14 09:12:47
3170000,317000004620240001,2024-08-01,,영업/정상,,,,,0,,08531,에픽컴퍼니,I,000,2026-05-09 22:03:12,"서울특별시 금천구 시흥대로 ***, 지하*층 (독산동)",,정상,0000,01,,190912.875772578    ,441402.284094273    ,서울특별시 금천구 독산동 ***-* ,2024-08-01 13:38:10
3170000,317000004620260001,2026-03-18,,영업/정상,,,,,0,,08592,웨스티 화이트테리어 직수입 미니비숑 강아지 분양 퍼피픽,I,000,2026-05-09 22:03:12,"서울특별시 금천구 가산디지털*로 **-**, 가산 하우스디 와이즈타워 *층 ***호 (가산동)",,정상,0000,01,,189678.284548834    ,441134.747749945    ,서울특별시 금천구 가산동 ***-** 가산 하우스디 와이즈타워 ***호,2026-03-18 17:20:18
3180000,318000004620200005,2020-05-19,,폐업,2024-07-09,,,,0,,07301,베이비몽,I,L00,2026-05-09 22:03:15,서울특별시 영등포구 영중로 ** (영등포동*가),,폐업,0002,03,0261800986,191564.119632973    ,446251.574337289    ,서울특별시 영등포구 영등포동*가 **-* ,2024-07-10 09:02:27
3200000,320000004620220003,2022-02-07,,폐업,2023-08-29,,,,0,,08771,HY DOG &amp; CAT,I,000,2026-05-09 22:54:09,"서울특별시 관악구 난곡로 ***-*, *층 (신림동)",,폐업,0002,03,,192385.909059469    ,441927.092401282    ,서울특별시 관악구 신림동 ****-** ,2023-08-29 17:33:41
3200000,320000004620180009,2018-05-04,,폐업,2018-12-11,,,,0,,08754,올독코리아,I,L00,2026-05-09 22:54:09,"서울특별시 관악구 남부순환로 ****, *층 (신림동)",,폐업,0002,03,028710170,193764.761470624    ,442488.438980658    ,서울특별시 관악구 신림동 ****-** *층 ,2022-04-28 18:10:45
3210000,321000004620160005,2016-06-09,,폐업,2020-05-01,,,,0,,06677,캣틀리에,I,L00,2026-05-06 22:03:44,"서울특별시 서초구 방배천로**길 *, *층 (방배동)",,폐업,0002,03,,198424.78286692     ,442209.553028789    ,서울특별시 서초구 방배동 ***-* *층 ,2022-04-28 18:10:53
3210000,321000004620230001,2023-10-18,,영업/정상,,,,,0,,06781,프리제(frise),I,000,2026-05-06 22:03:44,"서울특별시 서초구 논현로**길 **, 두손빌라 *층 ***호 (양재동)",,정상,0000,01,,204089.805          ,441233.840000001    ,서울특별시 서초구 양재동 ***-* 두손빌라 ,2023-10-18 17:24:01
3220000,322000004620210031,2021-09-08,,폐업,2022-10-24,,,,0,,06012,algok kennel(알곡켄넬),I,000,2026-01-13 18:06:36,"서울특별시 강남구 도산대로**길 **, *층 (청담동, 성영파크빌라)",,폐업,0002,03,,204287.987978942    ,447046.731702046    ,서울특별시 강남구 청담동 ***-* 성영파크빌라 ,2022-10-24 17:07:12
3220000,322000004620250001,2025-12-02,,영업/정상,,,,,0,,06030,강남고양이분양 스타돌스,I,000,2026-01-13 18:06:36,"서울특별시 강남구 압구정로**길 **, ***호 (신사동)",,정상,0000,01,,202389.551642307    ,446966.801695763    ,서울특별시 강남구 신사동 ***-* ,2025-12-02 13:20:42
3220000,322000004620240001,2024-03-25,,영업/정상,,,,,0,,06143,요미스토리,I,L00,2026-01-13 18:06:36,"서울특별시 강남구 언주로***길 **, *층 (역삼동)",,정상,0000,01,,203522.984801153    ,445151.324354344    ,서울특별시 강남구 역삼동 ***-* ,2024-12-30 13:47:33
3220000,322000004620210011,2021-03-24,,영업/정상,,,,,0,,06038,썸퍼피,I,000,2026-01-13 18:06:36,서울특별시 강남구 도산대로*길 ** (논현동),,정상,0000,01,07075435283,201902.544834285    ,445908.980404894    ,서울특별시 강남구 논현동 **-** ,2022-04-28 18:10:46
3220000,322000004620200026,2020-08-10,,폐업,2023-03-07,,,,0,,06015,퍼피랩 익스클루시브,I,000,2026-01-13 18:06:36,서울특별시 강남구 도산대로**길 ** (청담동),,폐업,0002,03,025406030,203939.211125099    ,447055.035820926    ,서울특별시 강남구 청담동 **-* ,2023-03-07 15:37:32
3220000,322000004620100008,2010-06-24,,폐업,2012-05-16,,,,,,,퍼펫,I,000,2026-01-13 18:06:36,"서울특별시 강남구 논현로***길 ** (신사동,*층)",,폐업,0002,03,025022589,202327.58505462     ,446434.346093533    ,서울특별시 강남구 신사동 ***-** *층 ,2022-04-28 18:10:38
3220000,322000004620110003,2011-03-28,,폐업,,,,,,,,이리온(청담점),I,L00,2026-01-13 18:06:36,서울특별시 강남구 도산대로 *** (청담동),,폐업,0002,03,15776125,203876.65494992     ,446925.480533226    ,서울특별시 강남구 청담동 ** ,2022-04-28 18:10:38
3220000,322000004620200037,2020-11-04,,폐업,2021-03-22,,,,0,,06038,골드독,I,000,2026-01-13 18:06:36,"서울특별시 강남구 도산대로*길 **, *층 (논현동)",,폐업,0002,03,07075435283,201902.544834285    ,445908.980404894    ,서울특별시 강남구 논현동 **-** ,2022-04-28 18:10:45
3230000,323000004620190040,2019-05-27,,폐업,2022-02-22,,,,0,,05559,펫츠메이트,I,000,2026-05-09 22:03:32,서울특별시 송파구 백제고분로*길 ** (잠실동),,폐업,0002,03,,207440.918247307    ,445340.044133273    ,서울특별시 송파구 잠실동 ***-* ,2022-04-28 18:11:08
3230000,323000004620190036,2019-04-25,,폐업,2022-02-22,,,,0,,05559,펫프랜드,I,000,2026-05-09 22:03:32,"서울특별시 송파구 백제고분로*길 **, *층 (잠실동)",,폐업,0002,03,,207440.918247307    ,445340.044133273    ,서울특별시 송파구 잠실동 ***-* ,2022-04-28 18:11:08
3230000,323000004620250001,2025-06-23,,영업/정상,,,,,0,,05520,도레미캣,I,000,2026-05-09 22:03:32,"서울특별시 송파구 올림픽로 ***-*, *층 (풍납동)",,정상,0000,01,,210702.180783504    ,448114.228064344    ,서울특별시 송파구 풍납동 *** ,2025-06-23 16:41:17
3230000,323000004620240001,2024-04-18,,영업/정상,,,,,0,,05625,PET WAVE,I,L00,2026-05-09 22:03:32,서울특별시 송파구 송파대로 *** (송파동),,정상,0000,01,0215511515,209317.012187704    ,444964.289630833    ,서울특별시 송파구 송파동 **-* ,2024-05-21 15:13:34
3230000,323000004620220014,2022-03-30,,영업/정상,,,,,0,,05837,아르떼퍼피,I,000,2026-05-09 22:03:32,"서울특별시 송파구 송파대로 ***, ***동 ***호 (문정동, 파크하비오)",,정상,0000,01,,210868.397496689    ,442053.227933005    ,서울특별시 송파구 문정동 *** 파크하비오 ,2022-04-28 18:11:10
3230000,323000004620210025,2021-08-02,,폐업,2025-12-30,,,,0,,05640,SHIBASLUV,I,000,2026-05-09 22:03:32,"서울특별시 송파구 마천로 *, ***동 *층 ***호 (방이동, 보람파크빌리지)",,폐업,0002,03,,210704.00864061     ,445377.205447926    ,서울특별시 송파구 방이동 ***-* 보람파크빌리지 ,2025-12-31 09:34:33
3240000,324000004620220001,2022-09-01,,폐업,2023-08-11,,,,0,,05404,PUPPYSEVEN,I,000,2026-05-02 22:04:04,"서울특별시 강동구 양재대로**길 **, ***호 (성내동, 파크프라자)",,폐업,0002,03,,211838.35431041     ,447195.676766748    ,서울특별시 강동구 성내동 ***-* 파크프라자 ,2023-08-16 14:03:06
3240000,324000004620200008,2020-04-06,,폐업,2022-03-14,,,,0,,05389,코오롱애견,I,000,2026-05-02 22:04:04,"서울특별시 강동구 성안로 ***, ***호 (성내동)",,폐업,0002,03,024852248,211682.011235164    ,447860.756103029    ,서울특별시 강동구 성내동 ***-** ***호,2022-04-28 18:10:44
3290000,329000004620190011,2019-09-30,,폐업,2022-05-31,,,,0,,47139,T-Labs(티랩스),I,000,2026-05-09 22:03:23,"부산광역시 부산진구 동평로***번길 **, *층 (부암동)",,폐업,0002,03,,386096.608503502    ,187213.37531456     ,부산광역시 부산진구 부암동 ***-** ,2022-05-31 11:20:24
3290000,329000004620220009,2022-04-05,,폐업,2024-01-15,,,,0,,47230,퍼피그랑,I,000,2026-05-09 22:03:23,부산광역시 부산진구 양지로 **(양정동),,폐업,0002,03,,388560.454325119    ,187365.123828885    ,부산광역시 부산진구 양정동 ***-*** ,2024-01-15 15:21:42
3290000,329000004620220010,2022-05-19,,영업/정상,,,,,0,,47120,부산애견호텔 강아지유치원 펫퍼센트&코모네하우스,I,000,2026-05-09 22:03:23,"부산광역시 부산진구 동평로 ***, *층 (연지동)",,정상,0000,01,,387541.285361226    ,187844.929844545    ,부산광역시 부산진구 연지동 **-** ,2023-12-27 10:32:50
3290000,329000004620240001,2024-01-18,,폐업,2025-08-18,,,,0,,47230,아델스 퍼피,I,000,2026-05-09 22:03:23,부산광역시 부산진구 양지로 ** (양정동),,폐업,0002,03,0515014444,388560.454325119    ,187365.123828885    ,부산광역시 부산진구 양정동 ***-*** ,2025-08-18 11:32:01
3300000,330000004620180028,2018-10-08,,폐업,2020-01-09,,,,0,,47720,With Cat,I,000,2026-01-13 18:01:03,"부산광역시 동래구 금강로 *, 삼일빌딩 (온천동)",,폐업,0002,03,,388601.999873618    ,192333.324757759    ,부산광역시 동래구 온천동 ***-** 삼일빌딩 ,2022-04-28 18:10:35
3300000,330000004620180040,2018-11-01,,폐업,2020-01-09,,,,0,,47720,With Cat,I,000,2026-01-13 18:01:03,"부산광역시 동래구 금강로 *, 삼일빌딩 (온천동)",,폐업,0002,03,,388601.999873618    ,192333.324757759    ,부산광역시 동래구 온천동 ***-** 삼일빌딩 ,2022-04-28 18:10:36
3300000,330000004620180019,2018-10-01,,폐업,2023-11-23,,,,0,,47900,스파리버,I,000,2026-01-13 18:01:03,"부산광역시 동래구 온천천로***번가길 **-*, *층 (안락동)",,폐업,0002,03,,391362.359954851    ,190119.43622647     ,부산광역시 동래구 안락동 ***-** ,2023-11-23 11:37:32
3310000,331000004620180021,2018-09-03,,영업/정상,,,,,0,,48555,부산뱅갈하우스,I,000,2026-05-09 22:03:16,"부산광역시 남구 우암로*번길 *, 상가 **동 ***호 (감만동, 감만 현대*차아파트)",,정상,0000,01,,389850.34368594     ,181186.374217411    ,부산광역시 남구 감만동 ***-* 감만 현대*차아파트 ,2022-04-28 18:10:28
3310000,331000004620200013,2020-11-06,,폐업,2024-06-07,,,,0,,48429,츄츄독,I,000,2026-05-09 22:03:16,부산광역시 남구 진남로**번길 ** (대연동),,폐업,0002,03,,390247.902345324    ,184468.379080671    ,부산광역시 남구 대연동 ****-* ,2024-06-07 16:36:43
3310000,331000004620200016,2020-12-28,,영업/정상,,,,,0,,48498,아미고펫,I,000,2026-05-09 22:03:16,"부산광역시 남구 용소로*번길 **, *층 (대연동)",,정상,0000,01,0516124645,391187.398325181    ,183851.137377281    ,부산광역시 남구 대연동 **-** ,2022-04-28 18:10:30
3330000,333000004620210002,2021-01-15,,폐업,2022-03-03,,,,0,,48092,b.b pet,I,000,2026-05-03 22:03:58,"부산광역시 해운대구 마린시티*로 ***, *동 ***호 (우동, 현대카멜리아)",,폐업,0002,03,,395812.483825459    ,186378.367552534    ,부산광역시 해운대구 우동 **** 현대카멜리아 ,2022-04-28 18:10:44
3330000,333000004620200014,2020-05-01,,영업/정상,,,,,0,,48073,시바스럽,I,000,2026-05-03 22:03:58,"부산광역시 해운대구 해운대로 ****, *층 (송정동)",,정상,0000,01,,400333.736792439    ,189168.358950459    ,부산광역시 해운대구 송정동 ***-* ,2022-04-28 18:10:43
3330000,333000004620260001,2026-01-13,,영업/정상,,,,,0,,48059,메종 드 네코 센텀본점,I,000,2026-05-03 22:03:58,"부산광역시 해운대구 센텀동로 **, 센텀필* ***호 (재송동)",,정상,0000,01,,393720.031658155    ,188352.780012344    ,부산광역시 해운대구 재송동 **** 센텀필* ***호,2026-01-13 14:24:22
3330000,333000004620230001,2023-08-29,,영업/정상,,,,,0,,48059,부산강아지분양 알프펫,I,000,2026-05-03 22:03:58,"부산광역시 해운대구 센텀*로 **, 센텀큐 ***호 (우동)",,정상,0000,01,,394120.995204637    ,188054.455807495    ,부산광역시 해운대구 우동 **** 센텀큐 ,2024-11-22 17:05:43
3330000,333000004620180038,2018-08-28,,영업/정상,,,,,0,,48096,펫코스(Pet-cose),I,000,2026-05-03 22:03:58,"부산광역시 해운대구 해운대해변로***번길 **, *층 (중동)",,정상,0000,01,0517102002,397433.661872297    ,187207.142025576    ,부산광역시 해운대구 중동 ****-* ,2022-04-28 18:10:41
3350000,335000004620240001,2024-09-03,,영업/정상,,,,,0,,46291,고양이카페 랙돌,I,000,2026-05-09 22:03:13,"부산광역시 금정구 금정로**번길 **, *층 (장전동)",,정상,0000,01,,390012.040961868    ,194264.543421566    ,부산광역시 금정구 장전동 ***-*** ,2025-08-11 08:33:10
3350000,335000004620240002,2024-10-11,,영업/정상,,,,,0,,46233,위드캣,I,000,2026-05-09 22:03:13,"부산광역시 금정구 중앙대로****번길 **, *층 (구서동)",,정상,0000,01,,390198.214339412    ,196890.872797093    ,부산광역시 금정구 구서동 ***-* ,2024-10-11 14:54:49
3380000,338000004620230001,2023-06-07,,영업/정상,,,,,0,,48207,WPK(더블유피케이),I,000,2026-05-09 22:03:16,부산광역시 수영구 연수로***번길 * (망미동),,정상,0000,01,,391194.979539941    ,188063.10585428     ,부산광역시 수영구 망미동 ***-* ,2023-06-29 10:41:28
3380000,338000004620240001,2024-11-06,,영업/정상,,,,,0,,48316,고양이분양 주식회사 제나캣,I,L00,2026-05-09 22:03:16,"부산광역시 수영구 수영로 ***-*, *층 (남천동)",,정상,0000,01,,392056.806623363    ,184646.206638513    ,부산광역시 수영구 남천동 **-** ,2024-11-06 09:46:22
3380000,338000004620230002,2023-06-07,,영업/정상,,,,,0,,48207,꼬똥몽드,I,L00,2026-05-09 22:03:16,부산광역시 수영구 연수로***번길 * (망미동),,정상,0000,01,,391194.979539941    ,188063.10585428     ,부산광역시 수영구 망미동 ***-* ,2023-06-29 10:56:47
3380000,338000004620220001,2022-06-16,,폐업,2025-08-22,,,,0,,48281,도그메종,I,000,2026-05-09 22:03:16,"부산광역시 수영구 광안해변로***번길 **, 상가동 ***호 (민락동, e편한세상 오션테라스 *단지)",,폐업,0002,03,,393909.714040941    ,186034.075098038    ,부산광역시 수영구 민락동 *** e편한세상 오션테라스 *단지 ,2025-08-22 17:20:12
3390000,339000004620200003,2020-09-24,,영업/정상,,,,,0,,46982,스몰펫하우스,I,000,2026-05-09 22:03:10,"부산광역시 사상구 사상로 ***, *층 (감전동)",,정상,0000,01,,381241.329060606    ,185963.393187832    ,부산광역시 사상구 감전동 ***-* ,2022-04-28 18:10:32
3390000,339000004620250001,2025-02-04,,영업/정상,,,,,0,,46954,고양이분양제나캣사상점,I,000,2026-05-09 22:03:10,"부산광역시 사상구 사상로 ***-*, *층 (덕포동)",,정상,0000,01,,380574.472632339    ,187461.824655386    ,부산광역시 사상구 덕포동 ***-** ,2025-02-04 10:56:35
3400000,340000004620160007,2016-11-24,,폐업,2022-05-18,,,,0,,46081,멕시멈켄넬,I,000,2026-05-09 22:45:22,부산광역시 기장군 기장읍 기장대로 **,,폐업,0002,03,,400882.654771068    ,191693.901898952    ,부산광역시 기장군 기장읍 내리 ***-* ,2022-05-18 10:26:35
3410000,341000004620210001,2021-02-10,,폐업,2021-07-08,,,,0,,41959,도그#,I,000,2026-05-06 22:03:31,대구광역시 중구 달구벌대로 ****-* (봉산동),,폐업,0002,03,,344127.944528978    ,263895.481557561    ,대구광역시 중구 봉산동 ***-** ,2022-04-28 18:10:21
3410000,341000004620180006,2018-05-01,,폐업,2019-04-08,,,,0,,41956,LOVEBULDOG(러브불독),I,000,2026-05-06 22:03:31,대구광역시 중구 이천로 *** (대봉동),,폐업,0002,03,,344342.463052689    ,263142.479225289    ,대구광역시 중구 대봉동 ***-** ,2022-04-28 18:10:19
3420000,342000004620190027,2019-12-24,,영업/정상,,,,,0,,41015,벗,I,000,2026-05-09 22:54:11,대구광역시 동구 인산로 **-** (진인동),,정상,0000,01,0539813309,354539.581430664    ,274260.233601271    ,대구광역시 동구 진인동 *** ,2025-09-10 11:46:09
3430000,343000004620170001,2017-09-29,,영업/정상,,,,,0,,41779,아리하우스,I,000,2026-05-08 22:45:25,대구광역시 서구 북비산로 ***-* (비산동),,정상,0000,01,,341557.135908673    ,265480.690789237    ,대구광역시 서구 비산동 ***-* ,2022-04-28 18:10:14
3440000,344000004620240001,2024-12-12,,영업/정상,,,,,0,,42458,주식회사 대구고양이분양 네코냥,U,L00,2026-05-28 03:03:03,대구광역시 남구 대경*길 **-* (대명동),,정상,0000,01,,342075.577449629    ,262114.172101235    ,대구광역시 남구 대명동 ****-* ,2026-05-27 10:31:05
3460000,346000004620240001,2024-04-23,,영업/정상,,,,,0,,42174,베비댕,I,000,2026-05-08 22:03:10,"대구광역시 수성구 무학로**안길 **, *층 (두산동)",,정상,0000,01,,346312.824713652    ,260195.975831668    ,대구광역시 수성구 두산동 ***-* ,2024-04-23 17:36:31
3460000,346000004620180001,2018-01-23,,폐업,,,,,0,,42145,미유미유,I,000,2026-05-08 22:03:10,"대구광역시 수성구 들안로**길 **, 뜰안에 (황금동)",,폐업,0002,03,,346192.830459667    ,261702.054880297    ,대구광역시 수성구 황금동 ***-** 뜰안에 ,2022-04-28 18:10:17
3480000,348000004620180037,2018-08-06,,폐업,2019-10-02,,,,0,,42971,벗,I,000,2026-05-09 22:03:15,대구광역시 달성군 옥포읍 비슬로***길 **,,폐업,0002,03,0539813309,332489.149569143    ,255784.443750585    ,대구광역시 달성군 옥포읍 본리리 **** ,2022-04-28 18:10:21
3490000,349000004620220011,2022-11-18,,취소/말소/만료/정지/중지,2025-02-03,,,,0,,22361,헬로우브리,I,000,2026-05-09 22:33:20,"인천광역시 중구 햇내로안길 **, *층 (운서동)",,말소,0004,04,,155598.42278774     ,443787.023580031    ,인천광역시 중구 운서동 ****-* ,2025-02-03 17:08:46
3490000,349000004620220009,2022-03-25,,취소/말소/만료/정지/중지,2024-01-02,,,,0,,22314,프라독,I,000,2026-05-09 22:33:20,"인천광역시 중구 신포로**번길 **, 중앙프라자 (중앙동*가)",,말소,0004,04,,166539.097014245    ,441144.233021423    ,인천광역시 중구 중앙동*가 *-** 중앙프라자 ,2024-03-18 14:57:32
3490000,349000004620160006,2016-09-07,,취소/말소/만료/정지/중지,2024-01-02,,,,0,,22329,서당개30년,I,000,2026-05-09 22:33:19,인천광역시 중구 서해대로 ***-* (신흥동*가),,말소,0004,04,,167689.729390724    ,440637.537464202    ,인천광역시 중구 신흥동*가 **-** ,2024-03-18 14:57:14
3490000,349000004620210020,2021-07-18,,영업/정상,,,,,0,,22358,AMI PET,I,000,2026-05-09 22:33:20,"인천광역시 중구 백운로 **, *층 (중산동)",,정상,0000,01,,160335.805546928    ,444310.350002991    ,인천광역시 중구 중산동 ****-* ,2022-04-28 18:09:58
3490000,349000004620220002,2022-01-12,,영업/정상,,,,,0,,22361,캔디캣,I,000,2026-05-09 22:33:20,"인천광역시 중구 화랑목로***번길 **, ***호 (운서동)",,정상,0000,01,,155631.185296212    ,443670.391762751    ,인천광역시 중구 운서동 ****-** ,2022-04-28 18:09:58
3490000,349000004620210017,2021-07-17,,영업/정상,,,,,0,,22358,AMI PET CONSULT,I,000,2026-05-09 22:33:20,"인천광역시 중구 백운로 **, *층 (중산동)",,정상,0000,01,,160362.186075118    ,444309.438790404    ,인천광역시 중구 중산동 ****-** ,2022-04-28 18:09:58
3490000,349000004620220010,2022-05-06,,폐업,2023-11-23,,,,0,,22357,노블펫(주),I,000,2026-05-09 22:33:20,인천광역시 중구 백운로***번길 ***(운북동),,폐업,0002,03,,158722.673885903    ,445944.976670141    ,인천광역시 중구 운북동 **-** ,2023-11-23 17:02:59
3490000,349000004620210003,2021-01-25,,폐업,2021-01-25,,,,0,,22382,시바나라 인천공항점,I,000,2026-05-09 22:33:20,"인천광역시 중구 공항로***번길 **, IBC 디오빌 ***동 ***호 (운서동)",,폐업,0002,03,,152407.84952483     ,437537.647881003    ,인천광역시 중구 운서동 ****-* IBC 디오빌 ,2022-04-28 18:09:57
3490000,349000004620170004,2017-11-28,,폐업,2022-04-04,,,,0,,22384,닥스라인 불리 코리아,I,000,2026-05-09 22:33:19,인천광역시 중구 남북로**번길 ** (남북동),,폐업,0002,03,,147599.378224622    ,439049.912948909    ,인천광역시 중구 남북동 ***-* ,2022-04-28 18:09:56
3491000,349000004620160006,2016-09-07,,취소/말소/만료/정지/중지,2024-01-02,,,,0,,22329,서당개30년,I,000,2026-07-01 09:19:30,인천광역시 중구 서해대로 ***-* (신흥동*가),,말소,0004,04,,167689.729390724    ,440637.537464202    ,인천광역시 중구 신흥동*가 **-** ,2024-03-18 14:57:14
3491000,349100004620210017,2021-07-17,,영업/정상,,,,,0,,22358,AMI PET CONSULT,I,000,2026-07-01 09:19:30,"인천광역시 영종구 백운로 **, *층 (중산동)",,정상,0000,01,,160362.186075118    ,444309.438790404    ,인천광역시 영종구 중산동 ****-** ,2022-04-28 18:09:58
3491000,349100004620210003,2021-01-25,,폐업,2021-01-25,,,,0,,22382,시바나라 인천공항점,I,000,2026-07-01 09:19:30,"인천광역시 영종구 공항로***번길 **, IBC 디오빌 ***동 ***호 (운서동)",,폐업,0002,03,,152407.84952483     ,437537.647881003    ,인천광역시 영종구 운서동 ****-* IBC 디오빌 ,2022-04-28 18:09:57
3491000,349000004620220009,2022-03-25,,취소/말소/만료/정지/중지,2024-01-02,,,,0,,22314,프라독,I,000,2026-07-01 09:19:30,"인천광역시 중구 신포로**번길 **, 중앙프라자 (중앙동*가)",,말소,0004,04,,166539.097014245    ,441144.233021423    ,인천광역시 중구 중앙동*가 *-** 중앙프라자 ,2024-03-18 14:57:32
3491000,349100004620220011,2022-11-18,,취소/말소/만료/정지/중지,2025-02-03,,,,0,,22361,헬로우브리,I,000,2026-07-01 09:19:30,"인천광역시 영종구 햇내로안길 **, *층 (운서동)",,말소,0004,04,,155598.42278774     ,443787.023580031    ,인천광역시 영종구 운서동 ****-* ,2025-02-03 17:08:46
3491000,349100004620210020,2021-07-18,,영업/정상,,,,,0,,22358,AMI PET,I,000,2026-07-01 09:19:30,"인천광역시 영종구 백운로 **, *층 (중산동)",,정상,0000,01,,160335.805546928    ,444310.350002991    ,인천광역시 영종구 중산동 ****-* ,2022-04-28 18:09:58
3491000,349100004620220002,2022-01-12,,영업/정상,,,,,0,,22361,캔디캣,I,000,2026-07-01 09:19:30,"인천광역시 영종구 화랑목로***번길 **, ***호 (운서동)",,정상,0000,01,,155631.185296212    ,443670.391762751    ,인천광역시 영종구 운서동 ****-** ,2022-04-28 18:09:58
3491000,349100004620220010,2022-05-06,,폐업,2023-11-23,,,,0,,22357,노블펫(주),I,000,2026-07-01 09:19:30,인천광역시 영종구 백운로***번길 ***(운북동),,폐업,0002,03,,158722.673885903    ,445944.976670141    ,인천광역시 영종구 운북동 **-** ,2023-11-23 17:02:59
3491000,349100004620170004,2017-11-28,,폐업,2022-04-04,,,,0,,22384,닥스라인 불리 코리아,I,000,2026-07-01 09:19:30,인천광역시 영종구 남북로**번길 ** (남북동),,폐업,0002,03,,147599.378224622    ,439049.912948909    ,인천광역시 영종구 남북동 ***-* ,2022-04-28 18:09:56
3501000,350100004620161006,2016-09-07,,취소/말소/만료/정지/중지,2024-01-02,,,,0,,22329,서당개30년,I,000,2026-07-01 09:37:58,인천광역시 제물포구 서해대로 ***-* (신흥동*가),,말소,0004,04,,167689.729390724    ,440637.537464202    ,인천광역시 제물포구 신흥동*가 **-** ,2024-03-18 14:57:14
3501000,350100004620221009,2022-03-25,,취소/말소/만료/정지/중지,2024-01-02,,,,0,,22314,프라독,I,000,2026-07-01 09:37:58,"인천광역시 제물포구 신포로**번길 **, 중앙프라자 (중앙동*가)",,말소,0004,04,,166539.097014245    ,441144.233021423    ,인천광역시 제물포구 중앙동*가 *-** 중앙프라자 ,2024-03-18 14:57:32
3510500,351050004620210001,2021-01-29,,폐업,2021-11-17,,,,0,,22135,그로우펫,I,000,2026-05-11 22:33:26,"인천광역시 미추홀구 주안중로**번길 **-*, 수목어빌딩 *층 (주안동)",,폐업,0002,03,,171782.137284915    ,440097.646378189    ,인천광역시 미추홀구 주안동 ***-* 수목어빌딩 ,2022-04-28 18:11:15
3510500,351050004620210010,2021-04-28,,폐업,2023-02-06,,,,0,,22114,개떼라떼,I,000,2026-05-11 22:33:26,"인천광역시 미추홀구 숙골로 ***, 스카이프라자* ***호,***호 (도화동)",,폐업,0002,03,,170014.558582337    ,441184.31681253     ,인천광역시 미추홀구 도화동 ****-* 스카이프라자* ,2023-02-06 13:16:45
3510500,351050004620210018,2021-07-07,,폐업,2023-03-16,,,,0,,22168,펫샾(#)시티,I,000,2026-05-11 22:33:26,"인천광역시 미추홀구 수봉남로**번길 **, *층, *층 일부층 (용현동)",,폐업,0002,03,,169414.097071236    ,439689.66307805     ,인천광역시 미추홀구 용현동 ***-*** ,2023-03-16 17:57:43
3510500,351050004620240001,2024-12-17,,영업/정상,,,,,0,,22128,냥만스럽개,I,000,2026-05-11 22:33:27,"인천광역시 미추홀구 염창로 **, *층 (주안동)",,정상,0000,01,,171675.190206026    ,440455.171666855    ,인천광역시 미추홀구 주안동 **-** ,2025-04-01 12:58:47
3510500,351000004620180003,2018-04-16,,폐업,2019-08-26,,,,0,,22218,한국동물원운영,I,000,2026-05-11 22:33:10,인천광역시 미추홀구 학익소로*번길 ** (학익동),,폐업,0002,03,,170606.634103205    ,438333.458912795    ,인천광역시 미추홀구 학익동 *-** ,2022-04-28 18:11:12
3510500,351050004620230001,2023-08-01,,취소/말소/만료/정지/중지,2025-12-31,,,,0,,22177,D&C Land,I,000,2026-05-11 22:33:26,인천광역시 미추홀구 인주대로 ** (용현동),,말소,0004,04,0328889910,168839.819084359    ,439481.746469013    ,인천광역시 미추홀구 용현동 ***-** ,2025-12-31 18:17:40
3520000,352000004620160009,2009-06-17,,폐업,2022-12-16,,,,0,,21900,화이트 포메라니안,I,000,2026-05-07 22:34:40,인천광역시 연수구 독배로 *** (옥련동),,폐업,0002,03,,168671.555303583    ,436903.451041562    ,인천광역시 연수구 옥련동 **-** ,2022-12-16 13:31:10
3520000,352000004620150008,2015-10-06,,폐업,2016-10-27,,,,0,,21929,두부네,I,000,2026-05-07 22:34:40,인천광역시 연수구 청능대로***번길 ** (연수동),,폐업,0002,03,07078188839,171521.319874054    ,434462.5833234      ,인천광역시 연수구 연수동 ***-* ,2022-04-28 18:11:20
3520000,352000004620230001,2023-08-29,,폐업,2024-08-22,,,,0,,22006,로얄플라잉,I,000,2026-05-07 22:34:40,"인천광역시 연수구 센트럴로 ***, C***호 (송도동)",,폐업,0002,03,,167306.809226746    ,433346.288587482    ,인천광역시 연수구 송도동 **-* C***호,2024-08-22 15:39:29
3520000,352000004620180016,2018-06-12,,폐업,2019-08-30,,,,0,,22003,피터펫 애견카페,I,000,2026-05-07 22:34:40,"인천광역시 연수구 센트럴로 ***, A동 *층 ***호 (송도동, 송도센트럴파크푸르지오)",,폐업,0002,03,0328328220,168405.695874811    ,432336.114528429    ,인천광역시 연수구 송도동 **-* 송도센트럴파크푸르지오 ,2022-04-28 18:11:23
3520000,352000004620180014,2018-05-31,,폐업,2018-09-30,,,,0,,22001,시바나라,I,000,2026-05-07 22:34:40,"인천광역시 연수구 컨벤시아대로 **, ***호 (송도동, 푸르지오월드마크)",,폐업,0002,03,0328328383,169064.212582321    ,432938.067579382    ,인천광역시 연수구 송도동 **-** 푸르지오월드마크 ,2022-04-28 18:11:23
3530000,353000004620220019,2022-04-22,,폐업,2023-05-26,,,,0,,21536,도도벨라,I,000,2026-04-29 22:35:46,"인천광역시 남동구 구월남로 ***, *층 (구월동)",,폐업,0002,03,,175402.383847493    ,438898.323873349    ,인천광역시 남동구 구월동 ****-* *층 ,2023-05-26 16:35:10
3530000,353000004620260001,2026-03-11,,영업/정상,,,,,0,,21669,인천강아지분양 고양이분양 엘르펫,I,000,2026-04-29 22:35:46,"인천광역시 남동구 소래역동로 *, *층 (논현동)",,정상,0000,01,,176274.035334058    ,433432.097791711    ,인천광역시 남동구 논현동 ***-* *층 ,2026-03-11 16:17:09
3530000,353000004620210015,2021-03-09,,폐업,2022-01-28,,,,0,,21538,날라리캣,I,000,2026-04-29 22:35:46,"인천광역시 남동구 하촌서로 *, ***동 ***호 (만수동)",,폐업,0002,03,,175985.762302149    ,438634.410373309    ,인천광역시 남동구 만수동 ***-** ***동 ***호,2022-04-28 18:11:31
3530000,353000004620200023,2020-07-27,,폐업,2022-10-18,,,,0,,21508,센스퍼피,I,000,2026-04-29 22:35:46,"인천광역시 남동구 백범로 ***, *층 (간석동)",,폐업,0002,03,0324229997,173931.115168319    ,440654.820668211    ,인천광역시 남동구 간석동 ***-* *층 ,2022-10-18 10:41:21
3530000,353000004620190027,2019-06-20,,폐업,2022-01-24,,,,0,,21542,제이케이 트레이드,I,000,2026-04-29 22:35:46,"인천광역시 남동구 호구포로 ***, 신세계아파트상가 ***, ***호 (구월동)",,폐업,0002,03,,175157.519616896    ,439571.555823113    ,"인천광역시 남동구 구월동 ***-*** 신세계아파트상가 ***, ***호",2022-04-28 18:11:29
3530000,353000004620180024,2018-05-30,,폐업,2022-04-29,,,,0,,21594,로얄플라잉,I,000,2026-04-29 22:35:46,"인천광역시 남동구 담방로 **, *층 (만수동)",,폐업,0002,03,,176794.5            ,438075.975000001    ,인천광역시 남동구 만수동 ****-* *층 ,2022-04-29 14:38:05
3530000,353000004620180015,2018-04-20,,폐업,2025-11-24,,,,0,,21540,마이펫,I,000,2026-04-29 22:35:45,"인천광역시 남동구 소래로 ***-*, *층 (만수동)",,폐업,0002,03,,176507.684823287    ,438865.630054894    ,인천광역시 남동구 만수동 ***-** *층 ,2025-12-12 17:46:27
3530000,353000004620200013,2020-05-08,,폐업,2023-01-19,,,,0,,21559,레니팜,I,000,2026-04-29 22:35:46,"인천광역시 남동구 문화로 ***, 지하*층 (구월동)",,폐업,0002,03,,173365.756024892    ,438988.608268112    ,인천광역시 남동구 구월동 ****-** 지하*층 ,2023-01-19 17:12:58
3540000,354000004620200019,2020-07-01,,폐업,2021-12-28,,,,0,,21439,캔디 캣,I,000,2026-05-11 22:33:29,인천광역시 부평구 백범로***번길 ** (십정동),,폐업,0002,03,,173970.094742449    ,440885.231699842    ,인천광역시 부평구 십정동 ***-** ,2022-04-28 18:11:26
3540000,354000004620210024,2021-12-24,,폐업,2025-05-20,,,,0,,21426,Dream Cat (드림캣),I,000,2026-05-11 22:33:29,"인천광역시 부평구 경인로****번길 **-**, *층 (부개동)",,폐업,0002,03,,176304.983855443    ,442718.08845093     ,인천광역시 부평구 부개동 ***-* *층 ,2025-05-20 13:19:22
3540000,354000004620250001,2025-12-18,,영업/정상,,,,,0,,21366,미유하우스,I,000,2026-05-11 22:33:29,"인천광역시 부평구 부평대로 ***, *층 (부평동)",,정상,0000,01,,175258.755841416    ,444856.428780972    ,인천광역시 부평구 부평동 **-** ,2025-12-18 15:15:58
3550000,355000004620180040,2015-12-03,,폐업,2024-01-25,,,,,,21006,베이비몽(계양점),I,000,2026-05-11 22:33:10,인천광역시 계양구 장기로**번길 ** (장기동),,폐업,0002,03,,176621.940828588    ,452958.33618819     ,인천광역시 계양구 장기동 ***-* ,2024-02-05 10:11:34
3550000,355000004620250001,2025-07-30,,영업/정상,,,,,0,,21006,한중펫,I,000,2026-05-11 22:33:11,"인천광역시 계양구 장기로**번길 **, *층 (장기동)",,정상,0000,01,,176621.940828588    ,452958.33618819     ,인천광역시 계양구 장기동 ***-* ,2025-07-30 16:18:41
3550000,355000004620240001,2024-11-22,,영업/정상,,,,,0,,21006,아시아펫,I,000,2026-05-11 22:33:11,"인천광역시 계양구 장기로 *, *층 (장기동)",,정상,0000,01,,176609.256640263    ,452763.435254274    ,인천광역시 계양구 장기동 ***-** ,2026-02-20 09:26:20
3550000,355000004620200017,2020-12-28,,영업/정상,,,,2025-10-21,0,,21007,퍼피월드,I,000,2026-05-11 22:33:10,"인천광역시 계양구 장제로 ****, 장기빌딩 *층 (장기동)",,정상,0000,01,0325517896,176340.631241665    ,452810.464910566    ,인천광역시 계양구 장기동 ***-* 장기빌딩 ,2025-12-17 14:23:31
3550000,355000004620200008,2020-09-03,,영업/정상,,,,,0,,21006,어스펫,U,000,2026-06-26 03:03:03,"인천광역시 계양구 장기로**번길 **, *, *층 (장기동)",,정상,0000,01,,176621.940828588    ,452958.33618819     ,인천광역시 계양구 장기동 ***-* ,2026-06-25 11:32:13
3550000,355000004620210003,2021-03-31,,폐업,2021-11-16,,,,0,,21006,어스펫(US-pet),I,000,2026-05-11 22:33:10,"인천광역시 계양구 장기로 **, 루디아빌딩 ***호 (장기동)",,폐업,0002,03,,176527.137978351    ,452941.452349517    ,인천광역시 계양구 장기동 ***-* 루디아빌딩 ***호,2022-04-28 18:11:15
3550000,355000004620260001,2026-05-29,,영업/정상,,,,,0,,21007,로얄 퍼피 코리아,I,000,2026-05-30 22:32:50,"인천광역시 계양구 장기로 **, *층 ***호 (장기동)",,정상,0000,01,,176515.288304396    ,452895.843604198    ,인천광역시 계양구 장기동 ***-* ***호,2026-05-29 10:39:47
3550000,355000004620220005,2022-03-21,,폐업,2023-12-28,,,,0,,21050,리틀파우즈,I,000,2026-05-11 22:33:11,"인천광역시 계양구 어사대로 **, 지하*층 (계산동)",,폐업,0002,03,,175649.010235494    ,448870.986324859    ,인천광역시 계양구 계산동 ***-** 지하*층 ,2023-12-29 09:54:11
3560000,356000004620180004,2018-04-09,,폐업,2024-03-12,,,,0,,22733,스퀘어독스,I,000,2026-05-08 22:33:46,"인천광역시 서구 담지로*번길 **, *층 (연희동)",,폐업,0002,03,0325681063,169954.955          ,447670.33           ,인천광역시 서구 연희동 ***-** ,2024-03-12 12:46:13
3560000,356000004620170008,2017-08-02,,영업/정상,,,,,0,,22671,앵무새동물원,I,000,2026-05-08 22:33:46,"인천광역시 서구 봉수대로 ****, *동 (왕길동)",,정상,0000,01,0325680303,169646.621688312    ,454161.759340844    ,인천광역시 서구 왕길동 ***-* ,2025-11-27 17:48:28
3560000,356000004620250001,2025-11-14,,영업/정상,,,,,0,,22737,톰퍼피,I,000,2026-05-08 22:33:46,"인천광역시 서구 중봉대로***번길 **, 상가동 B층 ***호 (청라동, 청라 엑슬루타워)",,정상,0000,01,,169130.7707459      ,447686.970640299    ,인천광역시 서구 청라동 ***-* 청라 엑슬루타워 ,2025-11-14 09:51:25
3560000,356000004620210042,2021-07-05,,폐업,,,,,0,,22738,앤 펫,I,000,2026-05-08 22:33:46,"인천광역시 서구 청라에메랄드로 **, 지젤엠청라 A동 B*층 ***호 (청라동)",,폐업,0002,03,,169500              ,447993.88           ,인천광역시 서구 청라동 ***-** 지젤엠청라 A동 B*-*호,2022-04-28 18:11:42
3560000,356000004620190011,2019-03-20,,폐업,,,,,0,,22766,시바랑 냥이랑,I,000,2026-05-08 22:33:46,"인천광역시 서구 보석로 **, 상가동 ***호 (청라동, 청라파크자이더테라스 *단지)",,폐업,0002,03,,166613.692362606    ,446761.782792737    ,인천광역시 서구 청라동 ***-* 청라파크자이더테라스 *단지 상가동 ***호,2022-04-28 18:11:31
3560000,356000004620180065,2018-10-17,,취소/말소/만료/정지/중지,2025-11-05,,,,0,,22738,이카루스 팩토리,I,000,2026-05-08 22:33:46,"인천광역시 서구 청라에메랄드로 **, 지젤엠청라 지하*층 (청라동)",,말소,0004,04,,169500              ,447993.88           ,인천광역시 서구 청라동 ***-** 지젤엠청라 지하*층 ,2025-11-05 11:40:51
3560000,356000004620190020,2019-07-04,,폐업,2021-12-01,,,,0,,22766,KOZIT,I,000,2026-05-08 22:33:46,"인천광역시 서구 보석로**번길 **, *층 (청라동)",,폐업,0002,03,,166836.45           ,446667.92           ,인천광역시 서구 청라동 ***-*** ,2022-04-28 18:11:32
3560000,356000004620180001,2018-01-11,,취소/말소/만료/정지/중지,2025-02-11,,,,0,,22733,루하,I,000,2026-05-08 22:33:46,인천광역시 서구 담지로*번길 ** (연희동),,말소,0004,04,,169982.015790663    ,447700.147550867    ,인천광역시 서구 연희동 ***-* ,2025-02-14 14:52:06
3561000,356100004620180065,2018-10-17,,취소/말소/만료/정지/중지,2025-11-05,,,,0,,22738,이카루스 팩토리,I,000,2026-07-01 13:15:47,"인천광역시 서해구 청라에메랄드로 **, 지젤엠청라 지하*층 (청라동)",,말소,0004,04,,169500              ,447993.88           ,인천광역시 서해구 청라동 ***-** 지젤엠청라 지하*층 ,2025-11-05 11:40:51
3561000,356100004620190011,2019-03-20,,폐업,,,,,0,,22766,시바랑 냥이랑,I,000,2026-07-01 13:15:47,"인천광역시 서해구 보석로 **, 상가동 ***호 (청라동, 청라파크자이더테라스 *단지)",,폐업,0002,03,,166613.692362606    ,446761.782792737    ,인천광역시 서해구 청라동 ***-* 청라파크자이더테라스 *단지 상가동 ***호,2022-04-28 18:11:31
3561000,356100004620190020,2019-07-04,,폐업,2021-12-01,,,,0,,22766,KOZIT,I,000,2026-07-01 13:15:47,"인천광역시 서해구 보석로**번길 **, *층 (청라동)",,폐업,0002,03,,166836.45           ,446667.92           ,인천광역시 서해구 청라동 ***-*** ,2022-04-28 18:11:32
3561000,356100004620210042,2021-07-05,,폐업,,,,,0,,22738,앤 펫,I,000,2026-07-01 13:15:47,"인천광역시 서해구 청라에메랄드로 **, 지젤엠청라 A동 B*층 ***호 (청라동)",,폐업,0002,03,,169500              ,447993.88           ,인천광역시 서해구 청라동 ***-** 지젤엠청라 A동 B*-*호,2022-04-28 18:11:42
3561000,356100004620250001,2025-11-14,,영업/정상,,,,,0,,22737,톰퍼피,I,000,2026-07-01 13:15:47,"인천광역시 서해구 중봉대로***번길 **, 상가동 B층 ***호 (청라동, 청라 엑슬루타워)",,정상,0000,01,,169130.7707459      ,447686.970640299    ,인천광역시 서해구 청라동 ***-* 청라 엑슬루타워 ,2025-11-14 09:51:25
3561000,356100004620180001,2018-01-11,,취소/말소/만료/정지/중지,2025-02-11,,,,0,,22733,루하,I,000,2026-07-01 13:15:47,인천광역시 서해구 담지로*번길 ** (연희동),,말소,0004,04,,169982.015790663    ,447700.147550867    ,인천광역시 서해구 연희동 ***-* ,2025-02-14 14:52:06
3561000,356100004620180004,2018-04-09,,폐업,2024-03-12,,,,0,,22733,스퀘어독스,I,000,2026-07-01 13:15:47,"인천광역시 서해구 담지로*번길 **, *층 (연희동)",,폐업,0002,03,0325681063,169954.955          ,447670.33           ,인천광역시 서해구 연희동 ***-** ,2024-03-12 12:46:13
3565000,356500004620170008,2017-08-02,,영업/정상,,,,,0,,22671,앵무새동물원,I,000,2026-07-01 10:04:26,"인천광역시 검단구 봉수대로 ****, *동 (왕길동)",,정상,0000,01,0325680303,169646.621688312    ,454161.759340844    ,인천광역시 검단구 왕길동 ***-* ,2025-11-27 17:48:28
3590000,359000004620120002,2012-03-06,,폐업,2017-12-18,,,,,,,퍼피마미,I,000,2026-05-02 22:03:09,,,폐업,0002,03,,192116.188233367    ,182986.87447647     ,광주광역시 동구 불로동 **-** ,2022-04-26 18:49:52
3590000,359000004620200003,2020-09-16,,폐업,2023-05-16,,,,0,,61411,쭌이네,I,000,2026-05-02 22:03:09,광주광역시 동구 필문대로***번길 **-** (산수동),,폐업,0002,03,,193913.465997724    ,184128.53548835     ,광주광역시 동구 산수동 ***-* ,2023-05-17 10:39:30
3590000,359000004620240001,2024-07-26,,폐업,2025-04-28,,,,0,,61411,광주해이원,I,000,2026-05-02 22:03:09,광주광역시 동구 필문대로***번길 **-** (산수동),,폐업,0002,03,,193913.465997724    ,184128.53548835     ,광주광역시 동구 산수동 ***-* ,2025-04-28 10:42:05
3620000,362000004620240001,2024-04-25,,폐업,2026-05-09,,,,0,,61026,나비야 cat,U,000,2026-06-27 03:03:03,"광주광역시 북구 양산택지소로 **, *층 (본촌동)",,폐업,0002,03,,189285.268709777    ,190623.600332672    ,광주광역시 북구 본촌동 **** ,2026-06-26 15:35:32
3630000,363000004620230001,2023-02-20,,폐업,2026-05-06,,,,0,,62232,Premium 먼치킨,I,000,2026-05-10 23:08:15,"광주광역시 광산구 하남울로 **, *층 (흑석동)",,폐업,0002,03,,181873.54100386     ,187056.683591205    ,광주광역시 광산구 흑석동 ***-* ,2026-05-06 16:00:10
3630000,363000004620230002,2023-11-13,,취소/말소/만료/정지/중지,2026-06-23,,,,0,,62451,Silver Charm cattery,U,000,2026-06-24 03:03:03,광주광역시 광산구 상무대로 ***-* (도산동),,말소,0004,04,,180457.851092251    ,181285.516428695    ,광주광역시 광산구 도산동 ****-* ,2026-06-23 17:23:31
3630000,363000004620220001,2022-09-01,,영업/정상,,,,,0,,62232,펫엔글라이더본점&로던트클럽 광주,I,000,2026-05-10 23:08:15,"광주광역시 광산구 마항길 **, *층 (하남동)",,정상,0000,01,0629525949,181487.039922966    ,187307.34685543     ,광주광역시 광산구 하남동 **** ,2024-04-30 17:00:23
3630000,363000004620260001,2026-05-11,,영업/정상,,,,,0,,62232,광주 고양이 먼치킨 분양 프리미엄 먼치킨 광주점,U,000,2026-05-19 03:03:03,"광주광역시 광산구 하남울로 **, *층 (흑석동)",,정상,0000,01,,181873.54100386     ,187056.683591205    ,광주광역시 광산구 흑석동 ***-* ,2026-05-18 09:09:33
3660000,366000004620250001,2025-07-16,,영업/정상,,,,,0,,35302,피아랑,I,000,2026-05-06 22:04:07,"대전광역시 서구 괴정로***번길 **-**, *층 (용문동)",,정상,0000,01,,235035.136940402    ,314894.422075883    ,대전광역시 서구 용문동 ***-** ,2025-07-16 10:28:40
3660000,366000004620160007,2016-04-04,,폐업,2025-12-17,,,,0,,35318,CATS,I,000,2026-05-06 22:04:07,대전광역시 서구 중반*길 ** (변동),,폐업,0002,03,,234325.336678678    ,314188.47348964     ,대전광역시 서구 변동 *-** ,2026-01-16 14:00:23
3660000,366000004620190014,2019-04-30,,폐업,2020-10-12,,,,0,,35227,언제나펫바보,I,000,2026-05-06 22:04:07,"대전광역시 서구 신갈마로 ***, *층 (갈마동)",,폐업,0002,03,,233088.038966573    ,317132.122702771    ,대전광역시 서구 갈마동 ***-* ,2022-04-28 18:10:55
3670000,367000004620230001,2023-03-14,,폐업,2024-12-23,,,,0,,34166,파라다이스펫 강아지분양 고양이분양 대전 본점,I,000,2026-05-09 22:51:42,"대전광역시 유성구 유성대로 ***, *층 (장대동)",,폐업,0002,03,,230230.22692938     ,318067.98518046     ,대전광역시 유성구 장대동 ***-* ,2024-12-23 16:26:23
3670000,367000004620140031,2014-12-01,,폐업,2024-12-23,,,,0,,34150,유성동양애견,I,000,2026-05-09 22:51:42,대전광역시 유성구 갑동로*번길 ** (갑동),,폐업,0002,03,0428225114,226267.915794195    ,317888.693192547    ,대전광역시 유성구 갑동 ***-** ,2024-12-23 16:27:15
3690000,369000004620170001,2017-03-29,,폐업,2020-02-05,,,,0,,44468,스타버드,I,000,2026-05-09 22:33:24,"울산광역시 중구 동헌길 ***, *층 (교동)",,폐업,0002,03,,410213.095038445    ,231173.18250438     ,울산광역시 중구 교동 ***-* ,2022-04-28 18:11:08
3690000,369000004620150002,2015-05-29,,폐업,2017-12-27,,,,0,,44495,우리동네 동물원,I,000,2026-05-09 22:33:24,울산광역시 중구 남외*길 ** (남외동),,폐업,0002,03,,413077.703002361    ,232169.799016592    ,울산광역시 중구 남외동 ***-** ,2022-04-28 18:11:08
3690000,369000004620220001,2022-05-17,,폐업,2025-08-31,,,,0,,44532,몽셰르,I,000,2026-05-09 22:33:24,"울산광역시 중구 젊음의거리 **, *층 (성남동)",,폐업,0002,03,,410161.228180866    ,230695.805763797    ,울산광역시 중구 성남동 ***-*** ,2025-09-08 17:36:51
3690000,369000004620190016,2019-09-10,,폐업,2022-04-01,,,,0,,44530,포유,I,000,2026-05-09 22:33:24,"울산광역시 중구 학성로 ***, *층 (옥교동)",,폐업,0002,03,,410581.021225432    ,230924.741810051    ,울산광역시 중구 옥교동 ***-** ,2022-04-28 18:11:10
3730000,373000004620200018,2020-10-30,,폐업,2025-08-11,,,,0,,45012,레스트펫,I,000,2026-05-07 22:33:17,울산광역시 울주군 서생면 연산*길 ***-***,,폐업,0002,03,0522380033,409554.735931553    ,208895.55467863     ,울산광역시 울주군 서생면 위양리 ***-* ,2025-08-11 16:41:19
3740000,374000004620230001,2023-10-25,,영업/정상,,,,,0,,16391,(주)수달앤쥬,I,L00,2026-01-13 17:19:37,"경기도 수원시 권선구 금곡로 ***, 리더스빌딩 *층 ***(일부)호 (금곡동)",,정상,0000,01,,195858.153517145    ,419228.576806355    ,경기도 수원시 권선구 금곡동 ****-* 리더스빌딩 ,2024-08-27 11:10:35
3740000,374000004620210030,2021-04-27,,폐업,2021-07-19,,,,0,,16705,냥이친구,I,000,2026-01-13 17:19:37,"경기도 수원시 영통구 청명로 **, *층 (영통동)",,폐업,0002,03,,206977.683545171    ,416821.927598122    ,경기도 수원시 영통구 영통동 ****-* *층 ,2022-04-28 18:09:42
3740000,374000004620210082,2021-12-27,,폐업,2025-01-10,,,,0,,16506,디디펫 수원강아지분양,I,000,2026-01-13 17:19:37,"경기도 수원시 영통구 센트럴파크로***번길 **, *층,지하*(일부)층 (이의동)",,폐업,0002,03,18334241,204705.380578816    ,421385.790870152    ,경기도 수원시 영통구 이의동 ****-* ,2025-01-10 15:38:19
3740000,374000004620220001,2022-05-26,,폐업,2023-07-24,,,,0,,16577,온이유는펫(onlyu는펫),I,000,2026-01-13 17:19:37,"경기도 수원시 권선구 권선로 ***, *(일부)층 (세류동)",,폐업,0002,03,,201267.582398783    ,417804.576779976    ,경기도 수원시 권선구 세류동 ***-** ,2023-07-24 17:03:19
3740000,374000004620110014,2011-12-19,,폐업,,,,,,,,PET ELDORADO,I,000,2026-01-13 17:19:37,경기도 수원시 장안구 장안로 *** (정자동),,폐업,0002,03,,199378.825262964    ,422433.163309046    ,경기도 수원시 장안구 정자동 *** ,2022-04-28 18:09:10
3740000,374000004620260001,2026-01-26,,영업/정상,,,,,0,,16223,워킹독코리아,I,000,2026-01-27 21:32:50,"경기도 수원시 영통구 웰빙타운로**번길 **-***, *층 (일부)호 (이의동)",,정상,0000,01,,204755.206537518    ,423361.981852481    ,경기도 수원시 영통구 이의동 **** *층 (일부)호 ,2026-01-26 09:46:16
3740000,374000004620240001,2024-05-02,,영업/정상,,,,,0,,16675,수원고양이전문분양 아임캣(I'M CAT),I,000,2026-01-13 17:19:37,"경기도 수원시 영통구 매영로***번길 *, ***(일부)호 (원천동)",,정상,0000,01,,205625.135755785    ,417563.990071712    ,경기도 수원시 영통구 원천동 ***-** ,2024-05-02 09:24:41
3780000,378000004620240001,2024-03-14,,영업/정상,,,,,0,,13646,팅커벨,I,000,2026-01-13 17:19:06,"경기도 성남시 수정구 위례광장로 **, ***,***호 (창곡동, 위례역 푸르지오 *단지)",,정상,0000,01,,212406.223209572    ,440504.990406578    ,경기도 성남시 수정구 창곡동 *** 위례역 푸르지오 *단지 ,2024-08-30 13:29:23
3820000,382000004620250001,2025-06-10,,영업/정상,,,,,0,,11692,의정부 강아지분양 고양이분양 애견분양 펫하임 의정부본점,I,000,2026-01-13 17:25:35,"경기도 의정부시 행복로 **, *, *층 (의정부동)",,정상,0000,01,0318434200,204342.233492459    ,471008.591016722    ,"경기도 의정부시 의정부동 ***-** *, *층 ",2025-06-10 15:00:40
3820000,382000004620230001,2023-04-03,,취소/말소/만료/정지/중지,2026-05-06,,,,0,,11813,도니바니,U,000,2026-05-07 03:03:03,"경기도 의정부시 오목로***번길 ***, *동 ***호 (민락동)",,말소,0004,04,,208318.12130044     ,471464.207596839    ,경기도 의정부시 민락동 ***-* ,2026-05-06 13:52:59
3820000,382000004620180100,2018-10-05,,영업/정상,,,,,0,,11692,서정대학교 부설 반려동물센터(펫인쥬),I,L00,2026-01-13 17:25:35,경기도 의정부시 호국로****번길 ** (의정부동),,정상,0000,01,0318605271,204295.047921744    ,471012.418519635    ,경기도 의정부시 의정부동 ***-* ,2022-12-06 11:33:21
3820000,382000004620220001,2022-09-06,,폐업,2022-12-21,,,,0,,11695,베리독 강아지 고양이,I,000,2026-01-13 17:25:35,"경기도 의정부시 시민로***번길 **, *층 (의정부동)",,폐업,0002,03,0318482230,204353.931531509    ,470929.071535542    ,경기도 의정부시 의정부동 ***-* ,2022-12-21 14:47:32
3820000,382000004620200036,2020-07-28,,폐업,2023-10-05,,,,0,,11813,올독,I,000,2026-01-13 17:25:35,"경기도 의정부시 오목로***번길 ***, 제이맘 *층 ***, ***호 (민락동)",,폐업,0002,03,,208269.54977654     ,471496.72632944     ,경기도 의정부시 민락동 *** ,2023-10-10 16:15:56
3820000,382000004620240001,2024-03-08,,폐업,2025-07-03,,,,0,,11692,의정부 요미독앤캣 강아지분양 고양이분양,I,L00,2026-01-13 17:25:35,경기도 의정부시 평화로 *** (의정부동),,폐업,0002,03,,204058.598296094    ,471184.918740693    ,경기도 의정부시 의정부동 ***-* ,2025-07-04 09:57:39
3820000,382000004620210021,2021-10-22,,폐업,2025-06-02,,,,0,,11692,펫하임 강아지 고양이,I,000,2026-01-13 17:25:35,"경기도 의정부시 행복로 **, *, *층 (의정부동)",,폐업,0002,03,,204342.233492459    ,471008.591016722    ,경기도 의정부시 의정부동 ***-** ,2025-06-04 15:53:47
3820000,382000004620200046,2020-10-14,,폐업,2023-08-09,,,,0,,11672,우리동네 멍이와양이,I,000,2026-01-13 17:25:35,"경기도 의정부시 흥선로 **, *층 (가능동)",,폐업,0002,03,,203083.435054747    ,471130.512917281    ,경기도 의정부시 가능동 ***-** ,2023-08-09 14:46:57
3860000,386000004620130001,2013-02-27,,폐업,2016-02-29,,,,0,,,예스독,I,000,2026-01-13 17:18:36,,,폐업,0002,03,,179321.390849602    ,442897.31801076     ,경기도 부천시 원미구 중동 *** ,2022-04-28 18:09:06
3860000,386000004620120008,2012-06-04,,폐업,2025-03-14,,,,,,,갤러리캣,I,000,2026-01-13 17:18:36,,,폐업,0002,03,0326104523,177772.003680671    ,445079.575694137    ,경기도 부천시 원미구 상동 ***-* 디아뜨갤러리****호 ,2025-03-14 10:35:30
3860000,386000004620150021,2015-12-10,,폐업,2016-03-01,,,,0,,14674,라이프 독,I,000,2026-01-13 17:18:36,경기도 부천시 원미구 부일로 *** (역곡동),,폐업,0002,03,0323452340,183322.194805742    ,442650.460365624    ,경기도 부천시 원미구 역곡동 **-* ,2022-12-22 17:19:12
3860000,386000004620160003,2016-03-02,,폐업,2019-02-07,,,,0,,14411,똥강아지,I,000,2026-01-13 17:18:36,"경기도 부천시 오정구 역곡로***번길 ** (고강동, 동림빌딩)",,폐업,0002,03,07047992698,183724.24582126     ,447159.30463661     ,경기도 부천시 오정구 고강동 ***-* ,2022-04-28 18:09:07
3860000,386000004620170013,2017-12-13,,폐업,2018-01-05,,,,0,,14544,주식회사 베이비몽,I,L00,2026-01-13 17:18:36,"경기도 부천시 원미구 소향로**번길 **, ***호 (상동)",,폐업,0002,03,16884386,177777.506835431    ,444738.057623797    ,경기도 부천시 원미구 상동 ***-** 테마파크 ,2022-04-28 18:09:08
3860000,386000004620180003,2018-02-02,,폐업,2021-06-04,,,,0,,14673,엘제이펫,I,000,2026-01-13 17:18:36,"경기도 부천시 원미구 부일로 ***, ***호 (역곡동)",,폐업,0002,03,,183029.832521112    ,442529.302194423    ,경기도 부천시 원미구 역곡동 **-* ,2022-04-28 18:09:09
3860000,386000004620210006,2017-12-21,,폐업,2021-02-17,,,,0,,14633,Multi pet,I,000,2026-01-13 17:18:36,"경기도 부천시 원미구 장말로***번길 *, ***호 (심곡동, 기성뷰그리안)",,폐업,0002,03,,180685.30097377     ,443102.112987201    ,경기도 부천시 원미구 심곡동 ***-* 기성뷰그리안 ,2022-04-28 18:09:15
3860000,386000004620260001,2026-04-03,,영업/정상,,,,,0,,14546,퍼피유니티,I,000,2026-04-04 21:02:50,"경기도 부천시 원미구 소향로 ***, 일신빌딩 ***-***호 (중동)",,정상,0000,01,,178916.198669217    ,444493.608508541    ,경기도 부천시 원미구 중동 ****-* 일신빌딩 ,2026-04-03 15:47:37
3910000,391000004620200036,2020-09-09,,폐업,2024-01-29,,,,0,,17849,평택 평안 월드캣,I,000,2026-01-13 17:27:06,"경기도 평택시 평남로 ****-*, *층 (동삭동)",,폐업,0002,03,,208192.944998004    ,389758.250684243    ,경기도 평택시 동삭동 ***-* ,2024-01-29 17:50:39
3910000,391000004620200050,2020-11-19,,폐업,2023-12-26,,,,0,,17930,쿤이 수염을 쫓아,I,000,2026-01-13 17:27:06,"경기도 평택시 안중읍 서동대로 ****, *층",,폐업,0002,03,,192210.29395797     ,387585.185129954    ,경기도 평택시 안중읍 현화리 ***-* ,2023-12-27 21:40:17
3910000,391000004620220001,2022-09-19,,폐업,2024-03-11,,,,0,,17855,퍼피렌느,I,000,2026-01-13 17:27:06,"경기도 평택시 비전*길 **, *층 (비전동)",,폐업,0002,03,0316658108,209987.040776533    ,388962.795917663    ,경기도 평택시 비전동 **** ,2024-03-12 10:05:56
3910000,391000004620250001,2025-05-14,,영업/정상,,,,,0,,17941,달콤하니냥,I,000,2026-01-13 17:27:06,"경기도 평택시 안중읍 송담*길 **, *층",,정상,0000,01,,193538.622193965    ,386420.724350846    ,경기도 평택시 안중읍 송담리 ***-* ,2025-05-14 15:04:08
3920000,392000004620210001,2021-01-08,,영업/정상,,,,,0,,11309,마이젤리빈,I,000,2026-01-13 17:18:02,"경기도 동두천시 싸리말로 **, ***동 *층 (보산동, 파크타운)",,정상,0000,01,,205592.727966344    ,490539.35741103     ,경기도 동두천시 보산동 ***-** 파크타운 ,2022-04-28 18:09:09
3930000,393000004620220002,2022-12-13,,폐업,2026-02-05,,,,0,,15426,쥬니멀,I,000,2026-03-26 22:46:11,"경기도 안산시 단원구 산단로 ***, 리드 스마트스퀘어 지식산업센터 *층 C-***호 (신길동)",,폐업,0002,03,,180878.941038538    ,424612.422892591    ,경기도 안산시 단원구 신길동 **** 리드 스마트스퀘어 지식산업센터 ,2026-02-06 14:31:48
3930000,393000004620180006,2018-05-04,,폐업,2020-01-29,,,,0,,15541,마또,I,000,2026-03-26 22:46:11,"경기도 안산시 상록구 석호로 ***, 신안코아 ***동 ***호 (본오동)",,폐업,0002,03,,187960.429281747    ,421469.517837306    ,경기도 안산시 상록구 본오동 *** 신안코아 ,2022-04-28 18:09:17
3930000,393000004620220001,2022-11-24,,폐업,2022-11-30,,,,0,,15389,LOVING PET,I,000,2026-03-26 22:46:11,"경기도 안산시 단원구 화랑로 ***, *동 ***호 (원곡동)",,폐업,0002,03,,,,경기도 안산시 단원구 원곡동 **** ,2023-05-24 10:56:53
3940000,394000004620200045,2020-04-02,,폐업,2024-12-31,,,,0,,10251,M&amp;amp;J.PET.,I,000,2026-01-13 17:14:06,"경기도 고양시 일산동구 고봉로***번길 **-**, 가동 *층 (성석동)",,폐업,0002,03,,181427.243298964    ,468215.296981239    ,경기도 고양시 일산동구 성석동 ****-* 가동 ,2024-12-31 10:59:15
3940000,396010004620240001,2024-04-05,,폐업,2026-02-09,,,,0,,10299,화이트루나,I,000,2026-02-11 21:02:50,"경기도 고양시 일산동구 고양대로****번길 **, ***호 (식사동)",,폐업,0002,03,,183665.045941648    ,462614.974534655    ,경기도 고양시 일산동구 식사동 ***-* ***호,2026-02-10 10:08:21
3940000,410010004620210015,2021-06-30,,폐업,2024-12-20,,,,0,,10387,파인크레스트리얼에스테이트파트너스주식회사,I,L00,2026-01-13 17:14:11,"경기도 고양시 일산서구 주화로 **, 일산우신프라자빌 *층 ***, ***, ***, ***호 (주엽동)",,폐업,0002,03,0319130649,178783.354887453    ,463067.053459256    ,경기도 고양시 일산서구 주엽동 ***-* 일산우신프라자빌 ,2024-12-23 09:17:12
3940000,396010004620210018,2021-09-02,,취소/말소/만료/정지/중지,2025-05-14,,,,0,,10246,은아 펫 타운,I,000,2026-01-13 17:14:10,"경기도 고양시 일산동구 고봉로 ***, *층 (성석동)",,말소,0004,04,,180596.528032349    ,466657.447497035    ,경기도 고양시 일산동구 성석동 ****-* ,2025-05-14 13:49:27
3940000,395000004620260001,2026-06-25,,영업/정상,,,,,0,,10550,서울먼치킨분양 프리미엄먼치킨 본점,U,000,2026-06-30 03:03:03,"경기도 고양시 덕양구 삼원로*길 **, *동 *층 ***호 (삼송동)",,정상,0000,01,,188971.250819351    ,460332.315947543    ,경기도 고양시 덕양구 삼송동 ***-* *동 ***호,2026-06-29 13:42:38
3940000,395000004620250001,2025-09-08,,영업/정상,,,,,0,,10268,쁘띠뚜뚜,I,000,2026-01-13 17:14:08,"경기도 고양시 덕양구 호국로 ****, *층 (벽제동)",,정상,0000,01,,192732.821271533    ,468365.917780582    ,경기도 고양시 덕양구 벽제동 **-* ,2025-09-08 15:08:08
3940000,394000004620200091,2020-09-10,,폐업,2022-11-14,,,,0,,10324,브리돌스,I,000,2026-01-13 17:14:06,"경기도 고양시 일산동구 위시티*로 *-**, 더파인테라스 ***호 (식사동)",,폐업,0002,03,,182978.411296093    ,463557.467041037    ,경기도 고양시 일산동구 식사동 **** 더파인테라스 ,2022-11-14 11:43:45
3940000,396010004620230001,2023-01-02,,폐업,2024-09-19,,,,0,,10401,일산 강아지고양이 캣독,I,000,2026-01-13 17:14:10,"경기도 고양시 일산동구 중앙로****번길 **-**, 라페스타A ***호 (장항동)",,폐업,0002,03,,179580.33125846     ,462064.220892906    ,경기도 고양시 일산동구 장항동 *** 라페스타A ***호,2024-09-19 14:35:33
3980000,398000004620210003,2021-02-09,,폐업,2022-12-16,,,,0,,11906,드림바이오,I,000,2026-01-13 17:16:03,"경기도 구리시 동구릉로***번길 **, 제조업소 (사노동)",,폐업,0002,03,,212416.512659544    ,459489.461902234    ,경기도 구리시 사노동 ***-** 제조업소 ,2022-12-20 20:12:52
3990000,399000004620160002,2016-03-11,,폐업,2018-03-19,,,,0,,12155,(주)아이피 디원애견클럽,I,L00,2026-01-13 17:17:35,"경기도 남양주시 경춘로 ****, *층 (호평동)",,폐업,0002,03,0315596665,222783.923426986    ,461388.535759602    ,,2022-04-28 18:09:08
3990000,399000004620170002,2017-03-06,,폐업,2020-06-23,,,,0,,12203,한울타리펫브리더스 영농조합법인,I,L00,2026-01-13 17:17:35,"경기도 남양주시 와부읍 수레로 ***, *층",,폐업,0002,03,,221346.444526799    ,455357.231723503    ,경기도 남양주시 와부읍 월문리 ***-* ,2022-04-28 18:09:09
3990000,399000004620210029,2021-05-11,,영업/정상,,,,,0,,12025,불독하우스,I,000,2026-01-13 17:17:35,경기도 남양주시 수동면 외방로***번길 **,,정상,0000,01,,227221.615822548    ,469664.9419516      ,경기도 남양주시 수동면 외방리 ***-* ,2022-04-28 18:09:35
3990000,399000004620180009,2018-05-04,,영업/정상,,,,,0,,12268,니멍내멍,I,000,2026-01-13 17:17:35,"경기도 남양주시 강변북로***번길 **, 정원바베큐시대 (수석동)",,정상,0000,01,,214847.791146799    ,454258.876550859    ,경기도 남양주시 수석동 *** 정원바베큐시대 ,2024-04-18 11:34:00
4010000,401000004620210040,2021-11-15,,폐업,2022-03-15,,,,0,,15036,러키켓,I,000,2026-03-10 21:36:33,"경기도 시흥시 서촌상가*길 **, 두원프라자 *층 ***호 (정왕동)",,폐업,0002,03,,176327.603036557    ,427289.313910493    ,경기도 시흥시 정왕동 ****-* 두원프라자 ***호,2022-04-28 18:09:18
4040000,404000004620200009,2020-05-04,,폐업,2023-07-12,,,,0,,12913,밀크독,I,000,2026-03-26 22:46:36,"경기도 하남시 미사강변중앙로 ***, 미사 호수의아침 ***호 (망월동)",,폐업,0002,03,,216603.558587348    ,451514.904013601    ,경기도 하남시 망월동 ****-* 미사 호수의아침 ,2023-07-13 15:19:13
4040000,404000004620200010,2020-05-14,,폐업,2021-12-07,,,,0,,12908,홀리몰리,I,000,2026-03-26 22:46:36,경기도 하남시 미사강변북로**번길 ** (망월동),,폐업,0002,03,,216043.124459359    ,451937.712244153    ,경기도 하남시 망월동 ****-** ,2022-04-28 18:09:39
4040000,404000004620210011,2021-05-25,,폐업,2023-07-18,,,,0,,12913,이정훈 강아지,I,000,2026-03-26 22:46:36,"경기도 하남시 미사강변중앙로 ***, 에코브리지 ***호 (망월동)",,폐업,0002,03,,216683.108144904    ,451286.690614982    ,경기도 하남시 망월동 **** 에코브리지 ,2023-07-19 10:18:17
4040000,404000004620210027,2021-08-25,,폐업,2022-10-18,,,,0,,12913,퍼피앤유,I,000,2026-03-26 22:46:36,"경기도 하남시 미사강변중앙로 ***, 하남미사 롯데캐슬 스타 *층 ***호 (망월동)",,폐업,0002,03,,216761.941800542    ,451297.294003452    ,경기도 하남시 망월동 **** 하남미사 롯데캐슬 스타 ***호,2022-10-20 10:13:57
4040000,404000004620210034,2021-11-19,,폐업,2024-08-31,,,,0,,12990,비비아나,I,000,2026-03-26 22:46:36,"경기도 하남시 서하남로 ***, ***호 (감일동)",,폐업,0002,03,,214085.867387402    ,445840.381305775    ,경기도 하남시 감일동 ***-** ***호,2024-09-05 14:28:44
4050000,563000004620210005,2021-03-10,,영업/정상,,,,,0,,17070,그린아이스무역,I,000,2026-03-26 22:51:35,"경기도 용인시 기흥구 중부대로 ***, 가동 ***호 (상하동)",,정상,0000,01,,211896.004576857    ,418356.581309531    ,경기도 용인시 기흥구 상하동 ***-* ,2022-04-26 18:50:57
4050000,562000004620220001,2022-09-11,,영업/정상,,,,,0,,17115,뽀송하개 재워줄개,I,000,2026-03-26 22:51:29,"경기도 용인시 처인구 남사읍 처인성로 ***, *층",,정상,0000,01,,215938.074335009    ,407908.037856896    ,경기도 용인시 처인구 남사읍 완장리 ***-* *층 ,2022-09-27 15:06:59
4050000,563000004620080008,2008-09-30,,취소/말소/만료/정지/중지,2023-12-29,,,,,,17064,루루애견용품할인매장,I,000,2026-03-26 22:51:35,경기도 용인시 기흥구 신갈로**번길 ** (신갈동),,말소,0004,04,0312830702,209437.650101892    ,418907.247151521    ,경기도 용인시 기흥구 신갈동 **-* ,2023-12-29 15:37:14
4060000,406000004620210031,2021-06-02,,폐업,2024-04-25,,,,0,,10952,LOB KENNEL,I,000,2026-01-13 17:26:35,경기도 파주시 광탄면 보광로 ***,,폐업,0002,03,,190695.210200371    ,474326.641315202    ,경기도 파주시 광탄면 마장리 **-* ,2024-04-25 14:04:44
4060000,406000004620240001,2024-11-14,,영업/정상,,,,,0,,10932,우리들의 댕댕이,I,000,2026-01-13 17:26:35,"경기도 파주시 중앙로 ***, ***호 (금촌동, 동현아파트)",,정상,0000,01,07077660703,180586.209768199    ,472812.000285333    ,경기도 파주시 금촌동 ***-* 동현아파트 ,2024-11-14 10:48:53
4090000,409000004620200021,2020-04-17,,폐업,2025-01-03,,,,0,,10016,더 불리 하우스,I,000,2026-01-13 17:17:05,경기도 김포시 통진읍 서암로 ***,,폐업,0002,03,,165285.578595112    ,466934.749811053    ,경기도 김포시 통진읍 서암리 ***-* ,2025-01-06 10:50:46
4090000,409000004620200004,2020-01-10,,폐업,2022-06-03,,,,0,,10079,멀티펫24@고사남,I,000,2026-01-13 17:17:05,경기도 김포시 김포한강*로**번길 ***-** (장기동),,폐업,0002,03,,171313.251554116    ,460534.651662542    ,경기도 김포시 장기동 ****-* ,2022-06-03 17:06:46
4090000,409000004620200001,2020-01-10,,폐업,2022-01-21,,,,0,,10125,퍼피월드,I,000,2026-01-13 17:17:05,경기도 김포시 고촌읍 장차로 **,,폐업,0002,03,0319810081,179708.017662443    ,455767.089170851    ,경기도 김포시 고촌읍 신곡리 ***-* ,2022-04-28 18:09:15
4090000,409000004620190085,2019-08-15,,폐업,2021-01-04,,,,0,,10079,아벨독,I,000,2026-01-13 17:17:05,경기도 김포시 김포한강*로**번길 **-** (장기동),,폐업,0002,03,,171057.554054639    ,460615.654532637    ,경기도 김포시 장기동 ****-* ,2022-04-28 18:09:14
4090000,409000004620220001,2022-06-24,,영업/정상,,,,,0,,10066,재리펫,I,000,2026-01-13 17:17:05,"경기도 김포시 솔터로 **, ***동 ***호 (구래동, 메트로타워 예미지)",,정상,0000,01,,167324.824583073    ,460347.884109149    ,경기도 김포시 구래동 ****-* 메트로타워 예미지 ,2022-06-24 14:58:07
4090000,409000004620210012,2021-03-16,,영업/정상,,,,,0,,10079,로던트 클럽@달콤하니 냥,I,000,2026-01-13 17:17:05,"경기도 김포시 김포한강*로**번길 **-**, *층 (장기동)",,정상,0000,01,,170975.551359381    ,460123.102547262    ,경기도 김포시 장기동 **** *층 ,2023-07-12 10:13:17
4090000,409000004620210001,2021-01-20,,영업/정상,,,,,0,,10079,내품안의 반려견 김포점,I,000,2026-01-13 17:17:05,"경기도 김포시 김포한강*로**번길 **-**, ***호 (장기동)",,정상,0000,01,,171057.554054639    ,460615.654532637    ,경기도 김포시 장기동 ****-* ,2022-04-28 18:09:20
4090000,409000004620190042,2019-04-08,,영업/정상,,,,,0,,10042,멍커힐,I,000,2026-01-13 17:17:05,경기도 김포시 대곶면 대명항로 ***-*,,정상,0000,01,,160111.162949279    ,459313.669525662    ,경기도 김포시 대곶면 약암리 ***-* ,2022-04-28 18:09:13
4090000,409000004620190024,2019-03-05,,영업/정상,,,,,0,,10009,호야켄넬,I,000,2026-01-13 17:17:05,"경기도 김포시 통진읍 검암*로 ***, *동",,정상,0000,01,,164523.913104033    ,467535.417485663    ,경기도 김포시 통진읍 고정리 ***-* ,2022-04-28 18:09:11
4090000,409000004620190021,2019-02-21,,영업/정상,,,,,0,,10132,코아스,I,000,2026-01-13 17:17:05,"경기도 김포시 고촌읍 인향로***번길 *, *층",,정상,0000,01,0319970081,178532.809820873    ,453689.844100566    ,경기도 김포시 고촌읍 태리 **** ,2024-10-29 17:54:23
4090000,409000004620190015,2019-02-19,,영업/정상,,,,,0,,10134,코카갤러리,I,L00,2026-01-13 17:17:05,경기도 김포시 고촌읍 평리길 ***-*,,정상,0000,01,,180376.864355271    ,453699.245419096    ,경기도 김포시 고촌읍 전호리 ***-* ,2023-07-21 14:48:12
4090000,409000004620190005,2019-01-18,,영업/정상,,,,,0,,10009,비나리(Beenali),I,000,2026-01-13 17:17:05,"경기도 김포시 통진읍 고정*로**번길 *-**, *동",,정상,0000,01,,164789.179446727    ,468358.186820685    ,경기도 김포시 통진읍 고정리 ***-* ,2022-04-28 18:09:10
4090000,409000004620200033,2020-06-10,,폐업,2023-03-22,,,,0,,10042,J.Kennel(제이켄넬),I,000,2026-01-13 17:17:05,경기도 김포시 대곶면 약암로 ***,,폐업,0002,03,,160425.624203327    ,459714.115073424    ,경기도 김포시 대곶면 약암리 ***-* ,2023-03-22 17:11:55
4090000,409000004620200057,2020-09-21,,폐업,2021-11-16,,,,0,,10065,개랑 놀려고 차린 집,I,000,2026-01-13 17:17:05,경기도 김포시 양촌읍 석모로*번길 **,,폐업,0002,03,,169054.570148887    ,460853.402159263    ,경기도 김포시 양촌읍 석모리 *** ,2022-04-28 18:09:18
4090000,409000004620200060,2020-09-28,,폐업,2022-06-22,,,,0,,10124,노블펫 주식회사,I,L00,2026-01-13 17:17:05,"경기도 김포시 고촌읍 신기신동로 **, *층",,폐업,0002,03,,179938.690046717    ,456275.913761943    ,경기도 김포시 고촌읍 신곡리 ***-* ,2023-12-21 17:05:48
4090000,409000004620210010,2021-03-16,,폐업,2022-06-03,,,,0,,10079,폴링인펫,I,000,2026-01-13 17:17:05,"경기도 김포시 김포한강*로**번길 **-**, *층 (장기동)",,폐업,0002,03,,171057.554054639    ,460615.654532637    ,경기도 김포시 장기동 ****-* *층 ,2022-06-03 17:08:31
4090000,409000004620240001,2024-07-09,,폐업,2025-10-20,,,,0,,10042,맘마미아 독,I,000,2026-01-13 17:17:05,"경기도 김포시 대곶면 약암로 ***-**, *층",,폐업,0002,03,,160450.094172862    ,458154.633694613    ,경기도 김포시 대곶면 약암리 ***-*** ,2025-10-20 15:05:38
4090000,409000004620210017,2021-04-06,,폐업,2023-02-03,,,,0,,10079,리베펫강아지분양,I,000,2026-01-13 17:17:05,경기도 김포시 김포한강*로**번길 *-* (장기동),,폐업,0002,03,,170927.673417493    ,460412.84544988     ,경기도 김포시 장기동 ****-* ,2023-02-03 09:31:18
4160000,416000004620260001,2026-04-03,,영업/정상,,,,,0,,12467,주식회사 케이9코리아,I,L00,2026-04-04 21:02:51,"경기도 가평군 설악면 유명로 ****, *동 ***호",,정상,0000,01,,242866.594915608    ,463660.912898769    ,경기도 가평군 설악면 신천리 ***-* ,2026-04-03 15:52:50
4160000,416000004620230001,2023-09-13,,영업/정상,,,,,0,,12429,시바견 전문 가도켄넬,I,000,2026-01-13 17:13:32,경기도 가평군 가평읍 분자골로**번길 **-*,,정상,0000,01,,243919.743288557    ,473539.491523334    ,경기도 가평군 가평읍 산유리 ***-* ,2023-09-13 17:55:02
4160000,416000004620190012,2019-10-18,,휴업,,2025-05-27,2026-05-27,,0,,12403,시바나라,I,000,2026-01-13 17:13:32,"경기도 가평군 북면 멱골로 ***, 먹골생활관자연학습장",,휴업,0001,02,,251096.613124078    ,491356.574357666    ,경기도 가평군 북면 목동리 *** 먹골생활관자연학습장 ,2025-05-28 17:05:26
4181000,418100004620240001,2024-02-27,,영업/정상,,,,,0,,24466,코리아 퍼피,I,000,2026-01-13 17:10:34,강원특별자치도 춘천시 남산면 동촌로 ***-**,,정상,0000,01,,260505.634923674    ,472783.877971313    ,강원특별자치도 춘천시 남산면 행촌리 *** ,2024-02-27 14:58:54
4191000,419000004620230001,2023-03-10,,영업/정상,,,,,0,,26400,해피캣,U,F00,2026-05-27 03:03:03,강원특별자치도 원주시 우러리길 ** (단구동),,정상,0000,01,,284750.842744024    ,424043.040405274    ,강원특별자치도 원주시 단구동 ***-** ,2026-05-26 13:23:49
4231000,423000004620200007,2020-05-20,,폐업,2024-04-18,,,,0,,24872,냥이네 호수,I,000,2026-01-13 17:06:32,"강원특별자치도 속초시 철새길 **, *층 (조양동)",,폐업,0002,03,,338573.981684229    ,522215.668811786    ,강원특별자치도 속초시 조양동 ****-* ,2024-04-18 11:02:11
4281000,428000004620210002,2021-05-17,,취소/말소/만료/정지/중지,2022-10-07,,,,0,,25377,(주)삼양꼼빠농,I,L00,2026-01-13 17:11:32,강원특별자치도 평창군 평창읍 제방길 **,,말소,0004,04,0333350004,322840.186800373    ,429959.633343375    ,강원특별자치도 평창군 평창읍 종부리 ***-*** ,2022-12-15 16:41:14
4281000,428000004620210004,2021-10-27,,영업/정상,,,,,0,,25377,(주더조은펫타운,I,000,2026-01-13 17:11:32,강원특별자치도 평창군 평창읍 종부*길 ***-**,,정상,0000,01,0333350004,325193.138385256    ,428272.676180813    ,강원특별자치도 평창군 평창읍 종부리 **-** ,2022-10-04 15:34:41
4281000,428000004620180005,2018-10-16,,폐업,2024-05-14,,,,0,,25363,검단켄빌,I,000,2026-01-13 17:11:32,강원특별자치도 평창군 대화면 가평로 ***-**,,폐업,0002,03,,333007.467191296    ,438358.127968885    ,강원특별자치도 평창군 대화면 하안미리 산 *** ,2024-05-14 10:15:54
4331000,433000004620120001,2012-08-13,,폐업,,,,,,,,낭만강아지,I,000,2026-01-13 17:09:02,강원특별자치도 인제군 인제읍 인제로***번길 *,,폐업,0002,03,07041571156,302528.644840359    ,507882.781033991    ,강원특별자치도 인제군 인제읍 상동리 ***-** ,2022-04-28 18:07:06
4351000,435100004620250001,2025-05-26,,영업/정상,,,,,0,,25037,도그스트,I,000,2026-01-13 17:07:32,강원특별자치도 양양군 서면 떡마을길 ***-**,,정상,0000,01,,336373.025946482    ,506804.888358356    ,강원특별자치도 양양군 서면 송천리 *** ,2025-05-26 16:18:41
4490000,566000004620240001,2024-10-21,,폐업,2026-02-02,,,,0,,31172,티랩스,I,000,2026-05-10 22:35:11,"충청남도 천안시 서북구 쌍용**길 **-*, *층 (쌍용동)",,폐업,0002,03,,210587.206841358    ,366569.313415431    ,충청남도 천안시 서북구 쌍용동 **** 연탄석쇠한판 ,2026-02-02 17:58:11
4490000,565000004620220006,2022-04-08,,폐업,2025-02-13,,,,0,,31129,티랩스,I,000,2026-05-10 22:33:52,"충청남도 천안시 동남구 옛시청길 *, *층 (대흥동)",,폐업,0002,03,,213161.701394209    ,367317.170626496    ,충청남도 천안시 동남구 대흥동 ***-* ,2025-02-13 18:01:45
4490000,566000004620230001,2023-05-03,,폐업,2024-01-05,,,,0,,31156,천안강아지분양 고양이분양 파라다이스펫 본점,I,000,2026-05-10 22:35:11,"충청남도 천안시 서북구 불당**길 *, ***호 (불당동)",,폐업,0002,03,,209504.01703303     ,367714.805795508    ,충청남도 천안시 서북구 불당동 **** ,2024-01-05 10:17:30
4490000,565000004620190013,2019-05-30,,영업/정상,,,,,0,,31226,삼성애견,I,000,2026-05-10 22:33:52,충청남도 천안시 동남구 목천읍 도전마을길 **,,정상,0000,01,,215320.944571019    ,361141.014304645    ,충청남도 천안시 동남구 목천읍 삼성리 **-* ,2022-04-28 18:12:21
4600000,460000004620180017,2018-10-31,,영업/정상,,,,,0,,32280,바나바스,I,000,2026-05-09 22:33:09,충청남도 홍성군 금마면 철마산길 ***-**,,정상,0000,01,,175182.99512584     ,346355.085195244    ,충청남도 홍성군 금마면 화양리 ***-* ,2022-04-26 18:49:33
4610000,461000004620240001,2024-09-10,,영업/정상,,,,,0,,32456,㈜제이케이트레이드,I,L00,2026-05-10 22:33:08,충청남도 예산군 광시면 광시동로 **-**,,정상,0000,01,,180492.683381842    ,338624.339397176    ,충청남도 예산군 광시면 시목리 *** ,2024-09-10 10:41:15
4610000,461000004620250001,2025-12-09,,영업/정상,,,,,0,,32412,밸류펫(Value Pet),I,000,2026-05-10 22:33:08,충청남도 예산군 삽교읍 충의로 ***-*,,정상,0000,01,,174651.639574027    ,354249.279314349    ,충청남도 예산군 삽교읍 삽교리 ***-** ,2025-12-09 11:17:25
4620000,462000004620230001,2023-02-06,,영업/정상,,,,,0,,32163,골든키티캐터리,I,000,2026-05-11 22:33:05,"충청남도 태안군 안면읍 안면대로 ****-*, **호",,정상,0000,01,,142130.474918289    ,337666.790090119    ,충청남도 태안군 안면읍 정당리 ***-* **호,2026-04-07 21:01:58
4620000,462000004620250001,2025-10-21,,영업/정상,,,,,0,,32131,NULEONGI KENNEL,I,000,2026-05-11 22:33:05,충청남도 태안군 근흥면 정산포로 ***,,정상,0000,01,,126689.461279364    ,356846.101861978    ,충청남도 태안군 근흥면 정죽리 *** ,2025-10-22 09:40:46
4641000,464100004620150002,2015-01-08,,폐업,2019-04-08,,,,0,,54927,일번애견샵,I,000,2026-05-10 22:34:01,전북특별자치도 전주시 덕진구 거북바우로 ** (인후동*가),,폐업,0002,03,,213042.444357752    ,260082.550798896    ,전북특별자치도 전주시 덕진구 인후동*가 ****-* ,2022-04-28 18:11:55
4641000,464100004620190013,2019-03-27,,폐업,2022-12-27,,,,0,,54985,1%애견명가,I,000,2026-05-10 22:34:02,전북특별자치도 전주시 완산구 백제대로 *** (중화산동*가),,폐업,0002,03,,211079.37382634     ,257301.022365851    ,전북특별자치도 전주시 완산구 중화산동*가 ***-* ,2022-12-28 17:12:01
4641000,464100004620200015,2020-07-27,,폐업,2022-08-10,,,,0,,54834,에이스 캣,I,000,2026-05-10 22:34:02,"전북특별자치도 전주시 덕진구 송천*길 **, *층 (송천동*가)",,폐업,0002,03,,210622.040489462    ,262162.820025241    ,전북특별자치도 전주시 덕진구 송천동*가 ***-** ,2022-08-10 17:05:32
4671000,467100004620190003,2019-01-28,,폐업,2021-01-29,,,,0,,54162,펫&amp;캣,I,000,2026-05-11 22:33:06,전북특별자치도 군산시 칠성로 *** (산북동),,폐업,0002,03,0634686565,170933.646686885    ,273898.779582174    ,전북특별자치도 군산시 산북동 ****-* ,2022-04-28 18:11:46
4681000,468100004620170002,2017-10-31,,폐업,2022-12-01,,,,0,,54520,mentos,I,000,2026-05-11 22:33:10,전북특별자치도 익산시 여산면 태성길 *,,폐업,0002,03,,207793.199209555    ,283637.149748816    ,전북특별자치도 익산시 여산면 여산리 ***-* ,2022-12-09 14:15:39
4681000,468100004620220001,2022-06-29,,폐업,2026-02-05,,,,0,,54533,묵이네 냥이,I,000,2026-05-11 22:33:10,"전북특별자치도 익산시 황등면 황등로 ***-*, *층",,폐업,0002,03,0639173313,194925.717025085    ,278402.371555814    ,전북특별자치도 익산시 황등면 황등리 ***-* *층 ,2026-02-05 17:23:23
4751000,475100004620190001,2019-04-02,,폐업,2021-02-24,,,,0,,55600,파인힐,I,000,2026-05-10 22:33:04,전북특별자치도 장수군 계북면 계향로 **,,폐업,0002,03,,256781.521370227    ,257227.149909487    ,전북특별자치도 장수군 계북면 원촌리 ****-* ,2022-04-28 18:11:52
4781000,478100004620150001,2015-05-14,,폐업,2016-04-25,,,,0,,56438,고창 애견샾,I,000,2026-05-09 22:33:06,전북특별자치도 고창군 고창읍 동리로 **,,폐업,0002,03,,172390.871109446    ,214869.65158364     ,전북특별자치도 고창군 고창읍 읍내리 ***-* ,2022-04-28 18:11:42
4800000,480000004620170002,2017-09-15,,폐업,2019-12-11,,,,0,,58738,영일기업,I,000,2026-05-11 22:37:25,전라남도 목포시 용당로 ** (산정동),,폐업,0002,03,07078368110,145182.261045116    ,143790.889371204    ,,2022-04-28 18:11:28
4820000,482000004620210004,2021-05-28,,폐업,2022-05-11,,,,0,,58003,Mr.독,I,000,2026-05-01 22:33:41,전라남도 순천시 율산*길 *-** (연향동),,폐업,0002,03,,247882.729719344    ,160469.344027408    ,전라남도 순천시 연향동 ****-** ,2022-05-11 09:56:51
4830000,483000004620080002,2008-11-05,,폐업,2022-12-30,,,,,,,나주 가정견 훈련소,I,000,2026-03-26 22:34:45,,,폐업,0002,03,0613374567,,,전라남도 나주시 산포면 매성리 ***-** ,2022-12-30 11:40:50
4890000,489000004620190001,2016-09-29,,폐업,2019-11-07,,,,0,,59453,보성이탈리안그레이하운드,I,000,2026-05-08 22:34:28,전라남도 보성군 보성읍 태평길 **-**,,폐업,0002,03,,207051.838677094    ,142020.634558131    ,전라남도 보성군 보성읍 보성리 *** ,2022-04-28 18:10:51
4890000,489000004620190002,2016-09-29,,폐업,2019-11-07,,,,0,,59453,보성이탈리안그레이하운드2,I,000,2026-05-08 22:34:28,전라남도 보성군 보성읍 송재로 ***-**,,폐업,0002,03,,207360.453613816    ,141685.925899918    ,전라남도 보성군 보성읍 보성리 ***-* ,2022-04-28 18:10:51
4890000,489000004620160003,2016-09-29,,폐업,2019-11-06,,,,0,,59453,보성이탈리안그레이하운드,I,000,2026-05-08 22:34:28,전라남도 보성군 보성읍 송재로 ***-**,,폐업,0002,03,,207360.453613816    ,141685.925899918    ,,2022-04-28 18:10:51
5020000,502000004620180008,2018-04-19,,영업/정상,,,,,0,,37742,하늘캣,I,000,2026-05-10 23:01:34,경상북도 포항시 북구 칠성천길 ** (용흥동),,정상,0000,01,,412624.676042245    ,283964.441493676    ,경상북도 포항시 북구 용흥동 ***-** ,2022-04-26 18:50:23
5020000,502000004620200017,2020-11-25,,폐업,2024-01-15,,,,0,,37780,슈팅가이 켄넬,I,000,2026-05-10 23:01:34,경상북도 포항시 북구 중흥로 *** (죽도동),,폐업,0002,03,,412542.940139602    ,282831.26156097     ,경상북도 포항시 북구 죽도동 ***-** ,2024-01-15 09:56:05
5050000,505000004620180022,2018-09-14,,영업/정상,,,,,0,,38191,폼스키,I,000,2026-05-10 22:14:38,경상북도 경주시 내남면 화계로 ***-*,,정상,0000,01,,395706.187916876    ,253801.035482901    ,경상북도 경주시 내남면 화곡리 *** ,2022-04-28 18:09:51
5050000,505000004620180019,2018-08-17,,영업/정상,,,,,0,,38191,왕초켄넬,I,000,2026-05-10 22:14:38,경상북도 경주시 내남면 화곡송림길 **,,정상,0000,01,,395386.636016183    ,253934.32446747     ,경상북도 경주시 내남면 화곡리 ***-* ,2022-04-28 18:09:51
5080000,508000004620180016,2018-05-10,,영업/정상,,,,,0,,39411,더블유펫,I,000,2026-03-10 21:35:48,"경상북도 구미시 인동**길 **, *층 (진평동)",,정상,0000,01,0544766660,328779.332431469    ,289071.914834202    ,경상북도 구미시 진평동 **-* ,2022-04-28 18:09:56
5080000,508000004620190008,2019-02-01,,폐업,2022-12-04,,,,0,,39232,오도꾸 애견샵,I,000,2026-03-10 21:35:49,경상북도 구미시 구미중앙로**길 * (원평동),,폐업,0002,03,0546088500,321315.558261216    ,292178.051607416    ,경상북도 구미시 원평동 ****-** ,2022-12-04 09:24:39
5080000,508000004620190017,2019-03-25,,영업/정상,,,,,0,,39184,전지적 참견,I,000,2026-03-10 21:35:49,경상북도 구미시 산호대로**길 **-** (옥계동),,정상,0000,01,0544548343,328296.344268537    ,293893.6730571      ,경상북도 구미시 옥계동 ***-* ,2022-04-28 18:10:01
5090000,509000004620240001,2024-01-29,,영업/정상,,,,,0,,36144,YG Von Land (와이지 본 랜드),I,000,2026-05-08 22:03:58,경상북도 영주시 장수면 용주로***번길 **,,정상,0000,01,,338287.580793124    ,365714.867343108    ,경상북도 영주시 장수면 갈산리 ***-* ,2024-01-29 17:16:08
5110000,511000004620160002,2008-12-24,,영업/정상,,,,,0,,37136,아마존애견사,I,000,2026-03-26 22:45:19,경상북도 상주시 외서면 연봉*길 ***-**,,정상,0000,01,,304084.6859042      ,333002.001449893    ,경상북도 상주시 외서면 연봉리 *** ,2024-02-20 08:38:32
5130000,513000004620170006,2017-06-28,,취소/말소/만료/정지/중지,,,,,0,,38586,개아나펫 살롱,I,000,2026-03-26 22:45:47,"경상북도 경산시 백양로**길 **, 좌측편상가호 (사동, 신데렐라)",,말소,0004,04,0532135387,359050.46221145     ,258585.789950551    ,,2022-04-28 18:09:46
5130000,513000004620170003,2017-06-20,,폐업,,,,,0,,38532,레이지 버틀러(Lazy butler),I,000,2026-03-26 22:45:46,경상북도 경산시 대학로**길 **-* (대동),,폐업,0002,03,,358324.637464026    ,261141.308269479    ,경상북도 경산시 대동 ***-* ,2022-04-28 18:09:46
5180000,518000004620180001,2018-04-25,,취소/말소/만료/정지/중지,2019-05-13,,,,0,,36401,아메리칸 불리 매니아,I,000,2026-05-10 22:12:02,경상북도 영덕군 창수면 영양창수로 ****-**,,말소,0004,04,,409048.494732186    ,341275.345718121    ,경상북도 영덕군 창수면 신기리 ***-* ,2022-04-28 18:09:55
5200000,520000004620170002,2017-12-07,,폐업,2020-06-03,,,,0,,40165,애니멀스토리(animalstory),I,000,2026-01-13 17:39:02,경상북도 고령군 쌍림면 대가야로 ***-**,,폐업,0002,03,,311956.480737423    ,241223.11967984     ,경상북도 고령군 쌍림면 합가리 ** ,2022-04-28 18:10:09
5220000,522000004620180039,2018-10-19,,폐업,2019-12-20,,,,0,,39803,베스트독스,I,000,2026-05-07 22:36:15,경상북도 칠곡군 북삼읍 칠곡대로 ***-**,,폐업,0002,03,,318108.185478879    ,284608.984408163    ,경상북도 칠곡군 북삼읍 보손리 ***-* ,2022-12-20 15:22:29
5220000,522000004620220001,2022-06-03,,폐업,2024-02-07,,,,0,,39849,대구 애니멀옥션,I,000,2026-05-07 22:36:15,경상북도 칠곡군 가산면 인동가산로 ***,,폐업,0002,03,,336031.6595561      ,290017.561419141    ,경상북도 칠곡군 가산면 송학리 ***-* ,2024-02-23 16:20:37
5240000,524000004620170001,2017-05-22,,영업/정상,,,,,0,,36221,김학봉 농장,I,000,2026-03-26 22:34:42,"경상북도 봉화군 법전면 보라로 ***, (척곡리 ****-*)",,정상,0000,01,,367559.763780649    ,379644.458344881    ,경상북도 봉화군 법전면 척곡리 ****-* ,2022-04-28 18:09:52
5240000,524000004620170002,2017-05-22,,폐업,2018-06-14,,,,0,,36221,김학봉 농장,I,000,2026-03-26 22:34:42,경상북도 봉화군 법전면 보라로 ***,,폐업,0002,03,,367569.528045388    ,379702.944318816    ,경상북도 봉화군 법전면 척곡리 **** ,2022-04-28 18:09:53
5310000,531000004620220002,2022-01-06,,폐업,2026-01-23,,,,0,,52689,후니네멍멍이,I,000,2026-03-10 21:35:07,경상남도 진주시 진양호로 ***(인사동),,폐업,0002,03,,297800.778598671    ,188383.332595767    ,경상남도 진주시 인사동 ***-** ,2026-01-23 17:10:48
5330000,533000004620160010,2016-07-01,,취소/말소/만료/정지/중지,2020-11-13,,,,0,,53029,Maximum kennel,I,000,2026-03-11 01:28:48,경상남도 통영시 용남면 화포*길 **-* (미진이지비아),,말소,0004,04,,331789.913072726    ,152194.368347533    ,경상남도 통영시 용남면 화삼리 ****-* ***동 ***호,2022-04-28 18:08:34
5350000,535000004620220001,2022-08-19,,휴업,,2024-05-31,2026-12-31,,0,,50804,주식회사 에스디올레,I,L00,2026-01-13 17:30:35,"경상남도 김해시 상동면 상동로 ***, *층",,휴업,0001,02,,378424.307945989    ,203842.205895522    ,경상남도 김해시 상동면 매리 ***-** ,2024-05-31 17:11:19
5370000,537000004620200020,2020-10-22,,폐업,2023-01-30,,,,0,,53294,에덴파크 거제점,I,000,2026-03-26 22:45:50,"경상남도 거제시 상동*길 **, *층 (상동동)",,폐업,0002,03,,349480.716777306    ,153304.800370077    ,경상남도 거제시 상동동 ***-* ,2023-01-31 09:06:55
5370000,537000004620180003,2018-04-04,,폐업,,,,,0,,53223,더독,I,000,2026-03-26 22:45:50,"경상남도 거제시 옥포중앙로 **, *층 (옥포동)",,폐업,0002,03,,354146.435781704    ,156499.824175711    ,경상남도 거제시 옥포동 ***-* ,2022-04-28 18:09:27
5390000,539000004620190001,2019-06-28,,영업/정상,,,,,0,,52137,원-헬스,I,000,2026-05-08 22:03:46,경상남도 의령군 가례면 가례로 **-**,,정상,0000,01,,313620.603798795    ,203912.143044806    ,경상남도 의령군 가례면 가례리 **-* ,2022-04-28 18:09:36
5400000,540000004620180001,2018-03-05,,영업/정상,,,,,0,,52032,KGB kennel(케이지비 캔넬),I,000,2026-05-10 22:13:21,경상남도 함안군 산인면 신산*길 ***-**,,정상,0000,01,,334839.906722563    ,198333.345380892    ,경상남도 함안군 산인면 신산리 *** ,2022-04-28 18:09:40
5530000,553000004620240001,2024-03-20,,폐업,2024-12-20,,,,0,,18552,주식회사 레스트시큐리티독,I,L00,2026-02-01 10:34:18,"경기도 화성시 만세구 송산면 백곡로 ***, 포도마을 코스코밸리아파트 상가동 ***호",,폐업,0002,03,,175530.927416969    ,410713.724662966    ,경기도 화성시 만세구 송산면 육일리 *** 포도마을 코스코밸리아파트 ,2025-01-22 15:13:49
5530000,553000004620230002,2023-09-12,,폐업,2024-09-30,,,,0,,18497,꼬모독,I,000,2026-02-01 10:34:18,"경기도 화성시 동탄구 동탄순환대로*길 **-**, 지하*-*층 (송동)",,폐업,0002,03,,208332.076471671    ,407279.163155028    ,경기도 화성시 동탄구 송동  ***-* ,2024-10-07 15:12:42
5530000,553000004620230001,2023-03-31,,취소/말소/만료/정지/중지,2025-03-24,,,,0,,18542,스핑제리,I,000,2026-02-01 10:34:18,"경기도 화성시 만세구 마도면 마도공단로*길 *, 마도지구유통업무및지원시설 가동 ***-*호",,말소,0004,04,,181324.988086745    ,409385.427774213    ,경기도 화성시 만세구 마도면 쌍송리 *** 마도지구유통업무및지원시설 ,2025-03-24 09:41:46
5530000,553000004620220002,2022-11-21,,폐업,2024-05-09,,,,0,,18336,KGBKENNEL(케이지비켄넬),I,000,2026-02-01 10:34:18,경기도 화성시 효행구 봉담읍 하가등안길 **-**,,폐업,0002,03,,194892.230637423    ,405396.691677498    ,경기도 화성시 효행구 봉담읍 하가등리 ***-* ,2025-01-14 18:38:21
5530000,553000004620220001,2022-06-17,,폐업,2023-09-14,,,,0,,18244,코독스 강아지 본점,I,000,2026-02-01 10:34:18,"경기도 화성시 만세구 꽃내음*길 *-*, ***호 (새솔동)",,폐업,0002,03,,183502.346399636    ,420377.214553244    ,경기도 화성시 만세구 새솔동 **-* ,2023-09-14 11:12:53
5530000,553000004620210104,2021-12-28,,취소/말소/만료/정지/중지,2024-10-07,,,,0,,18473,코코펫,I,000,2026-02-01 10:34:18,"경기도 화성시 동탄구 지산*길 **-*, ***호 (영천동)",,말소,0004,04,,210162.510558158    ,411527.414202449    ,경기도 화성시 동탄구 영천동  ***-* ,2024-10-07 15:50:05
5530000,553000004620210022,2021-03-15,,폐업,2022-07-07,,,,0,,18470,퍼피움,I,000,2026-02-01 10:34:18,"경기도 화성시 동탄구 동탄기흥로***번나길 **, *층 (영천동)",,폐업,0002,03,,208271.728143489    ,411592.248579567    ,경기도 화성시 동탄구 영천동  ***-* ,2022-07-07 17:13:21
5530000,553000004620170012,2017-11-20,,폐업,2020-02-10,,,,0,,18472,뷰티풀어컴퍼니,I,000,2026-02-01 10:34:18,경기도 화성시 동탄구 동탄순환대로**길 ** (영천동),,폐업,0002,03,,209603.218109843    ,411405.268602967    ,경기도 화성시 동탄구 영천동  ***-* ,2022-04-28 18:09:26
5530000,553000004620170007,2017-08-01,,폐업,2020-04-03,,,,0,,18487,MJ 컴퍼니,I,000,2026-02-10 21:32:50,"경기도 화성시 동탄구 동탄면 동탄기흥로***번가길 **-*, *층 ***호",,폐업,0002,03,,,,경기도 화성시 동탄면 방교리 ***-* ,2026-02-09 10:27:29
5530000,553000004620080005,2008-06-09,,폐업,2023-12-20,,,,0,,,데비아스,I,000,2026-02-01 10:34:18,경기도 화성시 효행구 봉담읍 분천길***번길 **,,폐업,0002,03,,195807.422320404    ,411393.762660166    ,경기도 화성시 효행구 봉담읍 분천리 ***-* ,2023-12-20 13:30:44
5530000,553000004620260001,2026-04-22,,영업/정상,,,,,0,,18466,동탄강아지분양 차밍독,I,000,2026-04-24 21:32:56,"경기도 화성시 동탄구 지산*길 *-*, *층 ***-***호 (영천동)",,정상,0000,01,,209926.005607098    ,411719.548300219    ,경기도 화성시 동탄구 영천동 ***-* ,2026-04-22 09:39:57
5530000,553000004620250001,2025-03-04,,영업/정상,,,,,0,,18427,골드캣 파우(GOLDCAT PAW),I,000,2026-02-12 21:32:50,"경기도 화성시 동탄구 여울로 **, *층 (능동)",,정상,0000,01,,204639.666979394    ,411287.860440046    ,경기도 화성시 동탄구 능동 ****-* ,2026-02-11 09:26:04
5530000,553000004620250002,2025-03-11,,영업/정상,,,,,0,,18497,클라씨 퍼피(CLASSY PUPPY),I,000,2026-02-01 10:34:18,"경기도 화성시 동탄구 동탄대로*길 **, 라크몽 *층 W***-***호 (송동)",,정상,0000,01,,209267.831935403    ,407233.52541514     ,경기도 화성시 동탄구 송동  ***-* ,2026-01-30 13:05:40
5530000,553000004620240003,2024-09-25,,영업/정상,,,,,0,,18555,브이아이피독,I,000,2026-02-01 10:34:18,경기도 화성시 만세구 서신면 염전길 **,,정상,0000,01,,173140.66049041     ,407223.752731144    ,경기도 화성시 만세구 서신면 매화리 ***-** ,2024-09-25 15:27:17
5530000,553000004620240002,2024-06-20,,영업/정상,,,,,0,,18474,특별한 동물가게,I,000,2026-02-01 10:34:18,"경기도 화성시 동탄구 동탄치동천로*길 *-*, ***호 (영천동)",,정상,0000,01,,210990.553495568    ,411224.674658553    ,경기도 화성시 동탄구 영천동  ***-* ,2024-06-20 12:31:03
5540000,554000004620250001,2025-01-23,,영업/정상,,,,,0,,12726,독클래스 유사리캠퍼스,I,L00,2026-01-13 17:15:33,경기도 광주시 곤지암읍 만삼로 **-**,,정상,0000,01,,236300.791145894    ,430293.374553974    ,경기도 광주시 곤지암읍 유사리 *** ,2025-01-23 10:54:52
5590000,559000004620160004,2016-12-27,,폐업,2021-11-30,,,,0,,11475,TBC KOREA,I,000,2026-04-28 22:00:57,경기도 양주시 율정로***번길 ** (율정동),,폐업,0002,03,,,,경기도 양주시 율정동 ***-* ,2022-04-28 18:09:19
5670000,567000004620220017,2022-03-15,,폐업,2023-10-18,,,,0,,51587,페어리테일,I,000,2026-03-10 21:37:21,"경상남도 창원시 진해구 석동로**번길 **-*, *층 (석동)",,폐업,0002,03,,355144.653592373    ,185516.467783979    ,경상남도 창원시 진해구 석동 ***-* ,2023-10-18 17:51:57
5670000,567000004620260001,2026-01-16,,폐업,2026-05-07,,,,0,,51200,로즈가든,U,000,2026-05-08 03:03:03,"경상남도 창원시 의창구 읍성로 ***-*, *층 (소답동)",,폐업,0002,03,,348099.64877596     ,197303.821247049    ,경상남도 창원시 의창구 소답동 ***-** ,2026-05-07 11:46:17
5700000,570000004620210006,2021-04-02,,영업/정상,,,,,0,,12609,PUPPYSEVEN,I,000,2026-03-10 21:34:44,경기도 여주시 대신면 대신*로 ***-**,,정상,0000,01,,253675.205671283    ,433891.862117025    ,경기도 여주시 대신면 윤촌리 ***-* ,2024-06-04 10:26:14
5710000,571000004620180004,2018-03-12,,폐업,2023-09-19,,,,0,,28477,FOX KENNEL,I,000,2026-05-11 22:33:38,"충청북도 청주시 흥덕구 *순환로 ***, 새론동물병원 (봉명동)",,폐업,0002,03,,241405.86036468     ,349354.361267082    ,충청북도 청주시 흥덕구 봉명동 ***-* ,2023-09-19 10:16:12
5710000,571000004620240001,2024-10-11,,폐업,2025-12-31,,,,0,,28637,느티나무 플랫폼,I,000,2026-05-11 22:33:38,"충청북도 청주시 서원구 신화로**번길 **, ***호 (성화동)",,폐업,0002,03,,240827.05270898     ,346449.143630545    ,충청북도 청주시 서원구 성화동 *** ,2026-01-14 15:28:15
5710000,571000004620250001,2025-03-04,,영업/정상,,,,,0,,28182,미스터브리더,I,000,2026-05-11 22:33:38,충청북도 청주시 서원구 남이면 청남로 ****-**,,정상,0000,01,,239738.770885868    ,340296.373208397    ,충청북도 청주시 서원구 남이면 척산리 *** ,2025-03-04 10:39:59
5780000,578000004620170002,2017-09-15,,폐업,2019-12-11,,,,0,,58738,영일기업,I,000,2026-07-01 11:20:01,전남광주통합특별시 목포시 용당로 ** (산정동),,폐업,0002,03,07078368110,,,,2022-04-28 18:11:28
5790000,579000004620210004,2021-05-28,,폐업,2022-05-11,,,,0,,58003,Mr.독,I,000,2026-07-01 11:46:02,전남광주통합특별시 순천시 율산*길 *-** (연향동),,폐업,0002,03,,247882.729719344    ,247882.729719344    ,전남광주통합특별시 순천시 연향동 ****-** ,2022-05-11 09:56:51
5795000,579500004620080002,2008-11-05,,폐업,2022-12-30,,,,,,,나주 가정견 훈련소,I,000,2026-07-01 12:13:48,,,폐업,0002,03,0613374567,,,전남광주통합특별시 나주시 산포면 매성리 ***-** ,2022-12-30 11:40:50
5805000,580500004620120002,2012-03-06,,폐업,2017-12-18,,,,,,,퍼피마미,I,000,2026-07-01 10:31:13,,,폐업,0002,03,,192116.188233367    ,192116.188233367    ,전남광주통합특별시 동구 불로동 **-** ,2022-04-26 18:49:52
5805000,580500004620200003,2020-09-16,,폐업,2023-05-16,,,,0,,61411,쭌이네,I,000,2026-07-01 10:31:13,전남광주통합특별시 동구 필문대로***번길 **-** (산수동),,폐업,0002,03,,193913.465997724    ,193913.465997724    ,전남광주통합특별시 동구 산수동 ***-* ,2023-05-17 10:39:30
5805000,580500004620240001,2024-07-26,,폐업,2025-04-28,,,,0,,61411,광주해이원,I,000,2026-07-01 10:31:13,전남광주통합특별시 동구 필문대로***번길 **-** (산수동),,폐업,0002,03,,193913.465997724    ,193913.465997724    ,전남광주통합특별시 동구 산수동 ***-* ,2025-04-28 10:42:05
5820000,582000004620240001,2024-04-25,,폐업,2026-05-09,,,,0,,61026,나비야 cat,I,000,2026-07-01 11:23:50,"전남광주통합특별시 북구 양산택지소로 **, *층 (본촌동)",,폐업,0002,03,,189285.268709777    ,189285.268709777    ,전남광주통합특별시 북구 본촌동 **** ,2026-06-26 15:35:32
5825000,582500004620260001,2026-05-11,,영업/정상,,,,,0,,62232,광주 고양이 먼치킨 분양 프리미엄 먼치킨 광주점,I,000,2026-07-01 10:17:35,"전남광주통합특별시 광산구 하남울로 **, *층 (흑석동)",,정상,0000,01,,181873.54100386     ,181873.54100386     ,전남광주통합특별시 광산구 흑석동 ***-* ,2026-05-18 09:09:33
5825000,582500004620230002,2023-11-13,,취소/말소/만료/정지/중지,2026-06-23,,,,0,,62451,Silver Charm cattery,I,000,2026-07-01 10:17:35,전남광주통합특별시 광산구 상무대로 ***-* (도산동),,말소,0004,04,,180457.851092251    ,180457.851092251    ,전남광주통합특별시 광산구 도산동 ****-* ,2026-06-23 17:23:31
5825000,582500004620230001,2023-02-20,,폐업,2026-05-06,,,,0,,62232,Premium 먼치킨,I,000,2026-07-01 10:17:34,"전남광주통합특별시 광산구 하남울로 **, *층 (흑석동)",,폐업,0002,03,,181873.54100386     ,181873.54100386     ,전남광주통합특별시 광산구 흑석동 ***-* ,2026-05-06 16:00:10
5825000,582500004620220001,2022-09-01,,영업/정상,,,,,0,,62232,펫엔글라이더본점&로던트클럽 광주,I,000,2026-07-01 10:17:34,"전남광주통합특별시 광산구 마항길 **, *층 (하남동)",,정상,0000,01,0629525949,181487.039922966    ,181487.039922966    ,전남광주통합특별시 광산구 하남동 **** ,2024-04-30 17:00:23
5850000,585000004620190002,2016-09-29,,폐업,2019-11-07,,,,0,,59453,보성이탈리안그레이하운드2,I,000,2026-07-01 13:01:53,전남광주통합특별시 보성군 보성읍 송재로 ***-**,,폐업,0002,03,,207360.453613816    ,207360.453613816    ,전남광주통합특별시 보성군 보성읍 보성리 ***-* ,2022-04-28 18:10:51
5850000,585000004620190001,2016-09-29,,폐업,2019-11-07,,,,0,,59453,보성이탈리안그레이하운드,I,000,2026-07-01 13:01:53,전남광주통합특별시 보성군 보성읍 태평길 **-**,,폐업,0002,03,,207051.838677094    ,207051.838677094    ,전남광주통합특별시 보성군 보성읍 보성리 *** ,2022-04-28 18:10:51
5850000,585000004620160003,2016-09-29,,폐업,2019-11-06,,,,0,,59453,보성이탈리안그레이하운드,I,000,2026-07-01 13:01:52,전남광주통합특별시 보성군 보성읍 송재로 ***-**,,폐업,0002,03,,,,,2022-04-28 18:10:51
6510000,651000004620110003,2011-08-10,,폐업,2013-02-18,,,,,,,애견용품할인마트,I,000,2026-05-08 22:33:42,,,폐업,0002,03,0647133600,152746.003026178    ,-1083.27576815584   ,제주특별자치도 제주시 연동 ***-** ,2022-04-28 18:11:58
